{"stats":{"minecraft:picked_up":{"minecraft:raw_iron":2,"minecraft:crafting_table":1,"minecraft:flower_pot":1,"minecraft:wooden_pickaxe":1,"minecraft:potato":33,"minecraft:oak_log":4,"minecraft:carrot":8,"minecraft:gold_ingot":1,"minecraft:bamboo":1,"minecraft:coal":11,"minecraft:cobblestone":9},"minecraft:custom":{"minecraft:time_since_rest":15716,"minecraft:sprint_one_cm":23104,"minecraft:interact_with_furnace":5,"minecraft:damage_taken":30,"minecraft:walk_one_cm":29425,"minecraft:drop":1,"minecraft:damage_dealt":76,"minecraft:fly_one_cm":8247,"minecraft:interact_with_crafting_table":2,"minecraft:open_chest":3,"minecraft:crouch_one_cm":1423,"minecraft:play_time":15716,"minecraft:sneak_time":425,"minecraft:jump":98,"minecraft:time_since_death":15716,"minecraft:total_world_time":15716,"minecraft:fall_one_cm":1927},"minecraft:used":{"minecraft:wooden_axe":2,"minecraft:stone_pickaxe":15,"minecraft:wooden_pickaxe":4,"minecraft:torch":3,"minecraft:crafting_table":1,"minecraft:carrot":4,"minecraft:potato":11},"minecraft:dropped":{"minecraft:wooden_pickaxe":1},"minecraft:crafted":{"minecraft:oak_planks":16,"minecraft:crafting_table":1,"minecraft:stick":8,"minecraft:wooden_pickaxe":1,"minecraft:baked_potato":10,"minecraft:stone_pickaxe":1,"minecraft:wooden_axe":1,"minecraft:torch":4,"minecraft:air":0},"minecraft:mined":{"minecraft:carrots":2,"minecraft:iron_ore":2,"minecraft:crafting_table":1,"minecraft:grass":1,"minecraft:oak_log":4,"minecraft:potatoes":11,"minecraft:coal_ore":11,"minecraft:stone":6,"minecraft:potted_bamboo":1}},"DataVersion":3465}