{"stats":{"minecraft:picked_up":{"minecraft:oak_log":4,"minecraft:carrot":8,"minecraft:potato":33},"minecraft:custom":{"minecraft:jump":48,"minecraft:time_since_rest":3716,"minecraft:damage_dealt":6,"minecraft:damage_taken":20,"minecraft:crouch_one_cm":175,"minecraft:sprint_one_cm":3554,"minecraft:play_time":3716,"minecraft:time_since_death":3716,"minecraft:walk_one_cm":9986,"minecraft:sneak_time":26,"minecraft:total_world_time":3716,"minecraft:fall_one_cm":1300,"minecraft:fly_one_cm":2760},"minecraft:used":{"minecraft:carrot":2,"minecraft:potato":11},"minecraft:crafted":{"minecraft:oak_planks":16},"minecraft:mined":{"minecraft:potatoes":11,"minecraft:grass":1,"minecraft:oak_log":4,"minecraft:carrots":2}},"DataVersion":3465}