{"stats":{"minecraft:picked_up":{"minecraft:raw_iron":2,"minecraft:crafting_table":1,"minecraft:flower_pot":1,"minecraft:wooden_pickaxe":1,"minecraft:potato":33,"minecraft:oak_log":4,"minecraft:carrot":8,"minecraft:gold_ingot":1,"minecraft:bamboo":1,"minecraft:coal":12,"minecraft:cobblestone":11},"minecraft:custom":{"minecraft:time_since_rest":51716,"minecraft:sprint_one_cm":23535,"minecraft:interact_with_furnace":5,"minecraft:damage_taken":30,"minecraft:walk_one_cm":29855,"minecraft:drop":1,"minecraft:damage_dealt":76,"minecraft:fly_one_cm":8275,"minecraft:interact_with_crafting_table":2,"minecraft:open_chest":3,"minecraft:crouch_one_cm":1510,"minecraft:play_time":51716,"minecraft:sneak_time":469,"minecraft:jump":99,"minecraft:time_since_death":51716,"minecraft:total_world_time":51716,"minecraft:fall_one_cm":1927},"minecraft:used":{"minecraft:wooden_axe":2,"minecraft:stone_pickaxe":18,"minecraft:wooden_pickaxe":4,"minecraft:torch":4,"minecraft:cobblestone":1,"minecraft:crafting_table":1,"minecraft:carrot":4,"minecraft:potato":11},"minecraft:dropped":{"minecraft:wooden_pickaxe":1},"minecraft:crafted":{"minecraft:oak_planks":16,"minecraft:crafting_table":1,"minecraft:stick":8,"minecraft:wooden_pickaxe":1,"minecraft:baked_potato":10,"minecraft:stone_pickaxe":1,"minecraft:wooden_axe":1,"minecraft:torch":4,"minecraft:air":0},"minecraft:mined":{"minecraft:carrots":2,"minecraft:iron_ore":2,"minecraft:crafting_table":1,"minecraft:grass":1,"minecraft:oak_log":4,"minecraft:potatoes":11,"minecraft:coal_ore":12,"minecraft:stone":8,"minecraft:potted_bamboo":1}},"DataVersion":3465}