{"stats":{"minecraft:crafted":{"minecraft:emerald":25,"minecraft:spruce_planks":324,"minecraft:stick":640,"minecraft:air":0},"minecraft:picked_up":{"minecraft:scaffolding":1,"trials:music_disc_creator_box":6,"minecraft:stick":185,"snowyspirit:sled_birch":2,"trials:music_disc_precipice":1,"minecraft:white_bed":2,"minecraft:spruce_log":81,"darkestsouls:beast_blood_clump":1,"minecraft:dirt":1,"minecraft:brown_carpet":1,"minecraft:item_frame":6,"minecraft:arrow":1,"minecraft:yellow_carpet":1,"minecraft:hay_block":12,"minecraft:carved_pumpkin":1,"minecraft:bread":64,"minecraft:iron_nugget":1,"minecraft:melon_slice":20,"minecraft:cobblestone":2,"vampirism:coffin_white":1,"minecraft:egg":1},"minecraft:dropped":{"minecraft:iron_nugget":1,"minecraft:carved_pumpkin":1,"trials:music_disc_precipice":1,"minecraft:arrow":1,"trials:music_disc_creator_box":3,"minecraft:item_frame":6},"minecraft:killed_by":{"minecraft:player":2},"minecraft:used":{"minecraft:apple":2,"minecraft:iron_pickaxe":2,"minecraft:iron_helmet":1,"vampirism:hunter_axe_enhanced":1,"minecraft:dirt":1,"minecraft:brown_carpet":1,"vampirism:coffin_white":1,"minecraft:scaffolding":1,"snowyspirit:sled_birch":1,"minecraft:white_bed":2,"minecraft:yellow_carpet":1,"minecraft:egg":1,"trials:music_disc_creator_box":2},"minecraft:mined":{"minecraft:hay_block":12,"minecraft:scaffolding":1,"minecraft:white_bed":1,"minecraft:bamboo_planks":1,"minecraft:jukebox":1,"minecraft:carved_pumpkin":1,"minecraft:crafting_table":1,"minecraft:grass":12,"minecraft:grass_block":2,"minecraft:melon":3,"minecraft:yellow_carpet":1,"minecraft:dirt":1,"minecraft:cobblestone":2,"minecraft:spruce_leaves":2},"minecraft:custom":{"minecraft:time_since_rest":4522,"minecraft:sprint_one_cm":143796,"minecraft:damage_taken":1190,"minecraft:walk_one_cm":76515,"vampirism:interact_with_coffin":11,"minecraft:drop":11,"minecraft:damage_dealt":128,"minecraft:play_record":2,"minecraft:traded_with_villager":25,"minecraft:interact_with_crafting_table":1,"minecraft:swim_one_cm":401,"minecraft:talked_to_villager":6,"minecraft:fly_one_cm":86533,"minecraft:open_chest":16,"minecraft:crouch_one_cm":3913,"minecraft:play_time":28721,"minecraft:deaths":4,"minecraft:sneak_time":1011,"minecraft:walk_under_water_one_cm":150,"minecraft:eat_cake_slice":5,"minecraft:jump":441,"minecraft:walk_on_water_one_cm":102,"minecraft:leave_game":2,"minecraft:time_since_death":4510,"minecraft:total_world_time":28721,"vampirism:interact_with_injection_chair":2,"minecraft:fall_one_cm":17223}},"DataVersion":3465}