{"stats":{"minecraft:used":{"minecraft:yellow_carpet":1,"minecraft:egg":1,"trials:music_disc_creator_box":1},"minecraft:dropped":{"minecraft:arrow":1,"trials:music_disc_creator_box":1,"minecraft:item_frame":3},"minecraft:picked_up":{"trials:music_disc_creator_box":3,"minecraft:item_frame":6,"minecraft:arrow":1,"minecraft:yellow_carpet":1,"minecraft:hay_block":12,"minecraft:egg":1},"minecraft:custom":{"minecraft:time_since_rest":7513,"minecraft:open_chest":4,"minecraft:crouch_one_cm":237,"minecraft:play_time":7513,"minecraft:sprint_one_cm":16858,"minecraft:damage_taken":159,"minecraft:walk_one_cm":21116,"minecraft:sneak_time":44,"vampirism:interact_with_coffin":1,"minecraft:drop":3,"minecraft:jump":86,"minecraft:damage_dealt":69,"minecraft:leave_game":1,"minecraft:play_record":1,"minecraft:time_since_death":7513,"minecraft:total_world_time":7513,"minecraft:fall_one_cm":418,"minecraft:fly_one_cm":7014},"minecraft:mined":{"minecraft:grass":7,"minecraft:hay_block":12,"minecraft:yellow_carpet":1,"minecraft:bamboo_planks":1}},"DataVersion":3465}