{"stats":{"minecraft:used":{"minecraft:yellow_carpet":1,"minecraft:egg":1,"trials:music_disc_creator_box":1},"minecraft:killed_by":{"minecraft:player":2},"minecraft:dropped":{"minecraft:arrow":1,"trials:music_disc_creator_box":2,"minecraft:item_frame":6},"minecraft:picked_up":{"trials:music_disc_creator_box":3,"minecraft:item_frame":6,"minecraft:arrow":1,"minecraft:yellow_carpet":1,"minecraft:hay_block":12,"darkestsouls:beast_blood_clump":1,"minecraft:egg":1},"minecraft:custom":{"minecraft:time_since_rest":1505,"minecraft:open_chest":4,"minecraft:deaths":2,"minecraft:crouch_one_cm":3170,"minecraft:play_time":18542,"minecraft:sprint_one_cm":30132,"minecraft:damage_taken":489,"minecraft:walk_one_cm":33902,"minecraft:sneak_time":913,"vampirism:interact_with_coffin":1,"minecraft:drop":7,"minecraft:jump":117,"minecraft:damage_dealt":110,"minecraft:leave_game":1,"minecraft:play_record":1,"minecraft:time_since_death":720,"minecraft:total_world_time":18542,"minecraft:fall_one_cm":418,"minecraft:fly_one_cm":9790},"minecraft:mined":{"minecraft:hay_block":12,"minecraft:grass":7,"minecraft:yellow_carpet":1,"minecraft:bamboo_planks":1}},"DataVersion":3465}