{"stats":{"minecraft:crafted":{"minecraft:oak_planks":132,"minecraft:stone_shovel":1,"minecraft:iron_nugget":9,"minecraft:furnace":1,"minecraft:stone":1,"fabledweaponry:scythe_stone":1,"minecraft:cooked_mutton":8,"minecraft:glass":13,"fabledweaponry:bulwark_wood":1,"vampirism:altar_inspiration":1,"minecraft:iron_axe":1,"minecraft:stone_pickaxe":1,"minecraft:oak_button":1,"minecraft:copper_block":1,"rpgsmw:woodenfiber":2,"minecraft:stone_hoe":1,"wardrobe:bound_leather":3,"minecraft:wheat":198,"rpgsmw:fabric":2,"minecraft:cooked_beef":13,"minecraft:glass_bottle":9,"minecraft:cooked_porkchop":10,"minecraft:crafting_table":1,"minecraft:spruce_planks":60,"minecraft:wooden_pickaxe":1,"rpgsmw:stone_greatsword":1,"rpgsmw:copper_spear":1,"minecraft:copper_ingot":12,"minecraft:birch_planks":56,"minecraft:stone_axe":1,"minecraft:air":0,"minecraft:charcoal":2,"minecraft:stick":28,"minecraft:iron_ingot":57,"minecraft:wooden_axe":1,"vampirism:coffin_white":1,"minecraft:stone_sword":1,"minecraft:snow_block":38,"minecraft:white_bed":2,"vampirism:blood_container":1,"minecraft:redstone_torch":8,"minecraft:torch":44,"wardrobe:backpack":1,"minecraft:shears":1,"rpgsmw:copper_rifle":1},"minecraft:used":{"rpgsmw:stone_greatsword":111,"minecraft:stone_shovel":45,"minecraft:light_gray_carpet":1,"minecraft:ladder":1,"minecraft:spruce_planks":47,"minecraft:rotten_flesh":11,"minecraft:torch":43,"minecraft:dirt":51,"minecraft:mutton":1,"vampirism:coffin_white":1,"rpgsmw:copper_rifle":5,"minecraft:spruce_stairs":1,"minecraft:carrot":18,"minecraft:snowball":4,"minecraft:wooden_axe":53,"minecraft:iron_axe":143,"minecraft:light_gray_wool":2,"minecraft:brown_carpet":1,"minecraft:hay_block":2,"minecraft:sweet_berries":34,"minecraft:furnace":6,"fabledweaponry:bulwark_wood":48,"minecraft:cooked_beef":9,"minecraft:stripped_spruce_wood":2,"minecraft:powder_snow_bucket":13,"minecraft:cobbled_deepslate":2,"minecraft:cooked_mutton":8,"minecraft:water_bucket":5,"vampirism:altar_inspiration":1,"minecraft:snow_block":34,"minecraft:birch_planks":8,"minecraft:oak_planks":109,"minecraft:stone_pickaxe":79,"minecraft:gray_carpet":1,"vampirism:human_heart":3,"minecraft:wooden_pickaxe":60,"minecraft:leather_chestplate":1,"minecraft:composter":1,"fabledweaponry:scythe_stone":115,"minecraft:salmon":2,"minecraft:crafting_table":4,"minecraft:white_bed":2,"minecraft:painting":3,"minecraft:spruce_log":2,"minecraft:redstone_torch":9,"minecraft:iron_pickaxe":213,"minecraft:spruce_pressure_plate":2,"minecraft:leather_helmet":1,"minecraft:spruce_sapling":8,"wardrobe:backpack":2,"minecraft:stone_axe":74,"minecraft:cobblestone":107,"minecraft:porkchop":1,"minecraft:cooked_porkchop":10,"minecraft:bucket":19,"vampirism:med_chair":1},"minecraft:killed_by":{"mowziesmobs:naga":1,"minecraft:player":2,"vampirism:advanced_hunter":2,"minecraft:stray":2,"minecraft:zombie":1,"mowziesmobs:frostmaw":2,"vampirism:hunter":3},"minecraft:dropped":{"minecraft:wheat_seeds":2,"minecraft:cooked_beef":5,"rpgsmw:copper_rifle":1,"vampirism:hunter_axe_enhanced":1,"minecraft:feather":3,"rpgsmw:stone_greatsword":1,"vampirism:garlic_bread":8,"minecraft:bone":1,"minecraft:stone_axe":1,"minecraft:sweet_berries":55,"friendsandfoes:totem_of_freezing":2,"minecraft:cobbled_deepslate":5,"minecraft:birch_sapling":7,"vampirism:item_alchemical_fire":1,"minecraft:rotten_flesh":8,"minecraft:light_gray_carpet":8,"supplementaries:flax_seeds":3,"supplementaries:ash":1,"rpgsmw:fabric":1,"minecraft:spruce_planks":1,"minecraft:bundle":1,"minecraft:oak_sapling":2,"rpgsmw:copper_spear":1,"minecraft:spider_eye":4,"brewery:hops_seeds":4,"fabledweaponry:bulwark_wood":1,"minecraft:bow":1,"minecraft:arrow":3,"minecraft:stone_pickaxe":1,"vampirism:item_garlic":1},"minecraft:killed":{"vampirism:vampire":2,"minecraft:spider":10,"minecraft:phantom":2,"minecraft:skeleton":2,"vampirism:advanced_hunter":1,"friendsandfoes:iceologer":1,"tameablebeasts:argentavis":1,"minecraft:pig":5,"minecraft:zombie_villager":1,"naturalist:firefly":1,"minecraft:salmon":2,"naturalist:butterfly":1,"minecraft:iron_golem":1,"minecraft:creeper":3,"vampirism:hunter":4,"minecraft:sheep":6,"darkestsouls:hollow_crossbow":1,"minecraft:zombie":19,"minecraft:stray":2,"minecraft:cow":8,"mowziesmobs:naga":1},"minecraft:picked_up":{"minecraft:crafting_table":4,"minecraft:ladder":1,"minecraft:diamond_sword":1,"minecraft:string":6,"minecraft:raw_copper":79,"vampirism:obi_belt":1,"rpgsmw:stone_greatsword":1,"minecraft:cobbled_deepslate":9,"minecraft:beef":36,"vampirism:garlic_bread":8,"minecraft:redstone_torch":1,"minecraft:player_head":1,"minecraft:iron_pickaxe":1,"minecraft:light_gray_wool":2,"minecraft:birch_sapling":7,"minecraft:phantom_membrane":2,"minecraft:furnace":6,"minecraft:tipped_arrow":1,"minecraft:spruce_pressure_plate":2,"minecraft:stick":27,"minecraft:raw_iron":60,"minecraft:composter":1,"minecraft:torch":5,"minecraft:spruce_stairs":1,"minecraft:spruce_fence":3,"minecraft:porkchop":15,"vampirism:vampire_fang":2,"minecraft:carrot":44,"vampirism:amulet":1,"minecraft:redstone":8,"minecraft:brown_carpet":1,"vampirism:blood_bottle":1,"minecraft:arrow":4,"minecraft:rotten_flesh":24,"minecraft:hay_block":24,"mowziesmobs:ice_crystal":1,"darkestsouls:titanite_fragment":1,"minecraft:gold_ingot":20,"supplementaries:ash":1,"vampirism:item_alchemical_fire":1,"minecraft:mutton":17,"minecraft:snowball":184,"minecraft:white_wool":20,"minecraft:cobblestone":129,"minecraft:birch_log":16,"minecraft:feather":3,"minecraft:cooked_beef":1,"vampirism:med_chair":1,"minecraft:salmon":2,"minecraft:leather":20,"minecraft:birch_planks":9,"minecraft:stripped_spruce_wood":2,"minecraft:oak_log":38,"supplementaries:flax_seeds":3,"minecraft:gunpowder":2,"minecraft:dirt":51,"brewery:hops_seeds":4,"minecraft:bone":2,"vampirism:human_heart":3,"minecraft:gray_carpet":1,"fabledweaponry:bulwark_wood":1,"minecraft:bow":1,"minecraft:wheat_seeds":2,"vampirism:item_garlic":1,"minecraft:iron_ingot":3,"wardrobe:snowy_boots":1,"vampirism:hunter_axe_enhanced":1,"minecraft:oak_planks":30,"friendsandfoes:totem_of_freezing":2,"minecraft:sweet_berries":88,"minecraft:sand":13,"minecraft:spruce_sapling":11,"minecraft:spruce_log":130,"minecraft:spider_eye":4,"rpgsmw:class_choose_orb":1,"minecraft:bundle":1,"minecraft:stone_axe":1,"rpgsmw:class_remove_orb":1,"minecraft:painting":3,"minecraft:oak_sapling":2,"minecraft:light_gray_carpet":9,"minecraft:coal":141},"minecraft:custom":{"minecraft:mob_kills":99,"minecraft:animals_bred":37,"minecraft:interact_with_crafting_table":32,"minecraft:open_barrel":13,"vampirism:action_time_bat":18119,"minecraft:damage_dealt_resisted":836,"minecraft:leave_game":5,"minecraft:time_since_death":160237,"minecraft:climb_one_cm":2460,"minecraft:damage_resisted":95,"vampirism:amount_bitten":176,"minecraft:sprint_one_cm":619087,"minecraft:walk_one_cm":1093026,"minecraft:damage_blocked_by_shield":2150,"vampirism:interact_with_coffin":3,"minecraft:drop":77,"vampirism:skills_unlocked":17,"minecraft:talked_to_villager":4,"vampirism:interact_with_altar_inspiration":28,"minecraft:play_time":320850,"minecraft:sneak_time":4110,"minecraft:deaths":16,"minecraft:walk_under_water_one_cm":9460,"minecraft:jump":4084,"minecraft:walk_on_water_one_cm":38513,"minecraft:total_world_time":320850,"vampirism:interact_with_injection_chair":1,"vampirism:blood_drunk":45000,"minecraft:interact_with_furnace":67,"vampirism:altar_of_inspiration_rituals_performed":16,"vampirism:action_used_bat":3,"minecraft:sleep_in_bed":3,"vampirism:actions_used":3,"minecraft:time_since_rest":1456,"minecraft:damage_taken":797876,"minecraft:damage_dealt":18099,"minecraft:swim_one_cm":6951,"minecraft:fly_one_cm":543223,"minecraft:open_chest":19,"minecraft:crouch_one_cm":6324,"minecraft:interact_with_smoker":8,"minecraft:fall_one_cm":88716},"minecraft:broken":{"minecraft:leather_helmet":1,"rpgsmw:stone_greatsword":1,"minecraft:leather_chestplate":1,"minecraft:wooden_pickaxe":1,"minecraft:stone_axe":1,"wardrobe:snowy_boots":1,"minecraft:wooden_axe":1},"minecraft:mined":{"minecraft:spruce_fence":3,"minecraft:grass_block":9,"minecraft:spruce_leaves":17,"minecraft:composter":1,"minecraft:hay_block":24,"minecraft:furnace":6,"minecraft:carrots":12,"minecraft:iron_ore":50,"minecraft:cobbled_deepslate":3,"minecraft:dirt_path":4,"minecraft:deepslate_iron_ore":7,"minecraft:spruce_pressure_plate":2,"minecraft:stone":120,"minecraft:light_gray_carpet":1,"brewery:wild_hops":1,"minecraft:snow_block":45,"minecraft:brown_carpet":1,"minecraft:powder_snow":53,"minecraft:crafting_table":4,"minecraft:torch":1,"minecraft:copper_ore":21,"minecraft:tall_grass":1,"minecraft:cobblestone":8,"minecraft:glass":4,"minecraft:oak_planks":29,"minecraft:wall_torch":2,"minecraft:deepslate_copper_ore":1,"supplementaries:urn":1,"minecraft:spruce_stairs":1,"minecraft:birch_planks":9,"minecraft:stripped_spruce_wood":2,"minecraft:birch_log":16,"minecraft:redstone_torch":1,"minecraft:sweet_berry_bush":38,"vampirism:med_chair":1,"minecraft:spruce_log":130,"minecraft:grass":5,"minecraft:coal_ore":124,"minecraft:oak_log":38,"minecraft:sand":13,"minecraft:dirt":38,"minecraft:gray_carpet":1,"minecraft:oak_leaves":29,"minecraft:deepslate":1,"minecraft:fern":3}},"DataVersion":3465}