{"stats":{"minecraft:killed":{"vampirism:vampire":2,"minecraft:pig":5,"minecraft:salmon":2,"minecraft:spider":2,"minecraft:creeper":1,"minecraft:skeleton":2,"minecraft:sheep":6,"minecraft:zombie":7,"minecraft:cow":8},"minecraft:broken":{"minecraft:stone_axe":1,"minecraft:wooden_axe":1,"minecraft:wooden_pickaxe":1},"minecraft:picked_up":{"minecraft:birch_log":16,"minecraft:crafting_table":4,"minecraft:cooked_beef":1,"minecraft:salmon":2,"minecraft:leather":6,"minecraft:diamond_sword":1,"minecraft:oak_log":38,"minecraft:gunpowder":2,"minecraft:dirt":37,"minecraft:raw_copper":79,"brewery:hops_seeds":2,"minecraft:bone":2,"minecraft:wheat_seeds":2,"minecraft:cobbled_deepslate":7,"minecraft:beef":13,"minecraft:redstone_torch":1,"minecraft:iron_pickaxe":1,"minecraft:light_gray_wool":2,"minecraft:birch_sapling":7,"minecraft:oak_planks":1,"minecraft:furnace":4,"minecraft:stick":18,"minecraft:raw_iron":24,"minecraft:sweet_berries":23,"minecraft:torch":1,"minecraft:porkchop":11,"minecraft:spruce_sapling":6,"minecraft:spruce_log":29,"minecraft:redstone":8,"rpgsmw:class_choose_orb":1,"minecraft:arrow":2,"minecraft:rotten_flesh":8,"rpgsmw:class_remove_orb":1,"minecraft:oak_sapling":2,"minecraft:mutton":9,"minecraft:coal":18,"minecraft:white_wool":4,"minecraft:cobblestone":84},"minecraft:custom":{"minecraft:interact_with_furnace":51,"minecraft:mob_kills":35,"minecraft:interact_with_crafting_table":18,"minecraft:open_barrel":4,"minecraft:damage_dealt_resisted":175,"minecraft:leave_game":3,"minecraft:time_since_death":29239,"minecraft:damage_resisted":20,"minecraft:time_since_rest":29270,"minecraft:sprint_one_cm":155096,"minecraft:damage_taken":1584,"minecraft:walk_one_cm":175250,"minecraft:drop":27,"minecraft:damage_dealt":6105,"minecraft:swim_one_cm":1460,"minecraft:fly_one_cm":106501,"minecraft:crouch_one_cm":1783,"minecraft:play_time":74919,"minecraft:deaths":3,"minecraft:sneak_time":1621,"minecraft:walk_under_water_one_cm":4838,"minecraft:jump":988,"minecraft:walk_on_water_one_cm":28552,"minecraft:interact_with_smoker":3,"minecraft:total_world_time":74919,"minecraft:fall_one_cm":21065},"minecraft:used":{"minecraft:stone_pickaxe":79,"minecraft:leather_chestplate":1,"minecraft:wooden_pickaxe":60,"minecraft:rotten_flesh":8,"minecraft:salmon":2,"minecraft:torch":26,"minecraft:dirt":8,"minecraft:mutton":1,"minecraft:crafting_table":4,"rpgsmw:copper_rifle":5,"minecraft:spruce_log":2,"minecraft:redstone_torch":9,"minecraft:wooden_axe":53,"minecraft:iron_pickaxe":20,"minecraft:leather_helmet":1,"minecraft:stone_axe":74,"minecraft:cobblestone":42,"minecraft:sweet_berries":3,"minecraft:furnace":4,"minecraft:porkchop":1,"minecraft:cooked_beef":9,"rpgsmw:stone_greatsword":6},"minecraft:dropped":{"minecraft:wheat_seeds":2,"minecraft:cooked_beef":5,"minecraft:cobbled_deepslate":5,"rpgsmw:copper_rifle":1,"minecraft:birch_sapling":7,"rpgsmw:fabric":1,"minecraft:oak_sapling":2,"rpgsmw:copper_spear":1,"brewery:hops_seeds":2,"minecraft:stone_pickaxe":1},"minecraft:crafted":{"rpgsmw:fabric":2,"minecraft:cooked_beef":13,"minecraft:oak_planks":16,"minecraft:iron_nugget":9,"minecraft:crafting_table":1,"minecraft:wooden_pickaxe":1,"minecraft:furnace":1,"rpgsmw:copper_spear":1,"minecraft:copper_ingot":12,"rpgsmw:stone_greatsword":1,"minecraft:stone":1,"minecraft:birch_planks":56,"minecraft:stone_axe":1,"fabledweaponry:scythe_stone":1,"minecraft:cooked_mutton":8,"minecraft:air":0,"minecraft:charcoal":2,"fabledweaponry:bulwark_wood":1,"minecraft:stick":20,"minecraft:iron_ingot":21,"minecraft:stone_pickaxe":1,"minecraft:wooden_axe":1,"minecraft:stone_sword":1,"minecraft:copper_block":1,"minecraft:oak_button":1,"minecraft:redstone_torch":8,"rpgsmw:woodenfiber":2,"minecraft:torch":28,"minecraft:stone_hoe":1,"rpgsmw:copper_rifle":1},"minecraft:killed_by":{"minecraft:player":1,"minecraft:zombie":1},"minecraft:mined":{"brewery:wild_hops":1,"minecraft:crafting_table":4,"minecraft:grass_block":7,"minecraft:tall_grass":1,"minecraft:copper_ore":21,"minecraft:cobblestone":2,"minecraft:spruce_leaves":14,"minecraft:deepslate_copper_ore":1,"minecraft:furnace":4,"minecraft:redstone_torch":1,"minecraft:birch_log":16,"minecraft:iron_ore":17,"minecraft:sweet_berry_bush":10,"minecraft:spruce_log":29,"minecraft:grass":3,"minecraft:oak_log":38,"minecraft:coal_ore":17,"minecraft:deepslate_iron_ore":7,"minecraft:dirt":30,"minecraft:stone":81,"minecraft:oak_leaves":29,"minecraft:deepslate":1}},"DataVersion":3465}