{"stats":{"minecraft:killed":{"vampirism:vampire":2,"minecraft:salmon":2,"minecraft:spider":2,"minecraft:creeper":1,"minecraft:skeleton":1,"minecraft:sheep":1,"minecraft:zombie":6,"minecraft:cow":8},"minecraft:broken":{"minecraft:wooden_axe":1,"minecraft:wooden_pickaxe":1},"minecraft:picked_up":{"minecraft:birch_log":16,"minecraft:crafting_table":3,"minecraft:cooked_beef":1,"minecraft:salmon":2,"minecraft:leather":6,"minecraft:oak_log":38,"minecraft:gunpowder":2,"minecraft:dirt":2,"minecraft:raw_copper":79,"minecraft:bone":2,"minecraft:wheat_seeds":2,"minecraft:cobbled_deepslate":7,"minecraft:beef":13,"minecraft:iron_pickaxe":1,"minecraft:birch_sapling":7,"minecraft:oak_planks":1,"minecraft:furnace":3,"minecraft:stick":12,"minecraft:raw_iron":21,"minecraft:torch":1,"minecraft:redstone":8,"rpgsmw:class_choose_orb":1,"minecraft:arrow":2,"minecraft:rotten_flesh":8,"rpgsmw:class_remove_orb":1,"minecraft:oak_sapling":2,"minecraft:mutton":1,"minecraft:coal":4,"minecraft:white_wool":1,"minecraft:cobblestone":64},"minecraft:custom":{"minecraft:interact_with_furnace":26,"minecraft:mob_kills":23,"minecraft:interact_with_crafting_table":9,"minecraft:damage_dealt_resisted":145,"minecraft:leave_game":3,"minecraft:time_since_death":301,"minecraft:time_since_rest":329,"minecraft:sprint_one_cm":84840,"minecraft:damage_taken":813,"minecraft:walk_one_cm":110549,"minecraft:drop":9,"minecraft:damage_dealt":4405,"minecraft:fly_one_cm":54046,"minecraft:crouch_one_cm":1298,"minecraft:play_time":40840,"minecraft:deaths":1,"minecraft:sneak_time":1322,"minecraft:walk_under_water_one_cm":4580,"minecraft:jump":535,"minecraft:walk_on_water_one_cm":18526,"minecraft:total_world_time":40840,"minecraft:fall_one_cm":11244},"minecraft:used":{"minecraft:stone_pickaxe":57,"minecraft:wooden_pickaxe":60,"minecraft:rotten_flesh":5,"minecraft:torch":25,"minecraft:dirt":2,"minecraft:mutton":1,"minecraft:crafting_table":3,"rpgsmw:copper_rifle":5,"minecraft:wooden_axe":53,"minecraft:stone_axe":41,"minecraft:cobblestone":21,"minecraft:furnace":3,"minecraft:cooked_beef":6},"minecraft:dropped":{"minecraft:wheat_seeds":2,"minecraft:cooked_beef":5,"rpgsmw:copper_rifle":1,"rpgsmw:fabric":1},"minecraft:crafted":{"rpgsmw:fabric":2,"minecraft:cooked_beef":13,"minecraft:oak_planks":8,"minecraft:crafting_table":1,"minecraft:wooden_pickaxe":1,"minecraft:furnace":1,"minecraft:copper_ingot":3,"minecraft:birch_planks":56,"minecraft:stone_axe":1,"minecraft:air":0,"minecraft:charcoal":2,"minecraft:stick":4,"minecraft:iron_ingot":1,"minecraft:stone_pickaxe":1,"minecraft:wooden_axe":1,"minecraft:oak_button":1,"minecraft:torch":24,"rpgsmw:copper_rifle":1},"minecraft:killed_by":{"minecraft:zombie":1},"minecraft:mined":{"minecraft:crafting_table":3,"minecraft:grass_block":2,"minecraft:tall_grass":1,"minecraft:copper_ore":21,"minecraft:cobblestone":2,"minecraft:deepslate_copper_ore":1,"minecraft:furnace":3,"minecraft:birch_log":16,"minecraft:iron_ore":17,"minecraft:grass":2,"minecraft:oak_log":38,"minecraft:coal_ore":4,"minecraft:deepslate_iron_ore":4,"minecraft:stone":61,"minecraft:oak_leaves":29,"minecraft:deepslate":1}},"DataVersion":3465}