{"stats":{"minecraft:killed":{"vampirism:vampire":2,"minecraft:pig":4,"minecraft:salmon":2,"minecraft:spider":2,"minecraft:creeper":1,"minecraft:skeleton":2,"minecraft:sheep":6,"minecraft:zombie":7,"minecraft:cow":8},"minecraft:broken":{"minecraft:wooden_axe":1,"minecraft:wooden_pickaxe":1},"minecraft:picked_up":{"minecraft:birch_log":16,"minecraft:crafting_table":3,"minecraft:cooked_beef":1,"minecraft:salmon":2,"minecraft:leather":6,"minecraft:oak_log":38,"minecraft:gunpowder":2,"minecraft:dirt":2,"minecraft:raw_copper":79,"minecraft:bone":2,"minecraft:wheat_seeds":2,"minecraft:cobbled_deepslate":7,"minecraft:beef":13,"minecraft:redstone_torch":1,"minecraft:iron_pickaxe":1,"minecraft:light_gray_wool":2,"minecraft:birch_sapling":7,"minecraft:oak_planks":1,"minecraft:furnace":3,"minecraft:stick":12,"minecraft:raw_iron":24,"minecraft:torch":1,"minecraft:porkchop":9,"minecraft:redstone":8,"rpgsmw:class_choose_orb":1,"minecraft:arrow":2,"minecraft:rotten_flesh":8,"rpgsmw:class_remove_orb":1,"minecraft:oak_sapling":2,"minecraft:mutton":9,"minecraft:coal":8,"minecraft:white_wool":4,"minecraft:cobblestone":65},"minecraft:custom":{"minecraft:interact_with_furnace":26,"minecraft:mob_kills":34,"minecraft:interact_with_crafting_table":9,"minecraft:damage_dealt_resisted":145,"minecraft:leave_game":3,"minecraft:time_since_death":5239,"minecraft:time_since_rest":5270,"minecraft:sprint_one_cm":116363,"minecraft:damage_taken":1519,"minecraft:walk_one_cm":139875,"minecraft:drop":9,"minecraft:damage_dealt":5961,"minecraft:fly_one_cm":81150,"minecraft:crouch_one_cm":1298,"minecraft:play_time":50919,"minecraft:deaths":3,"minecraft:sneak_time":1322,"minecraft:walk_under_water_one_cm":4690,"minecraft:jump":833,"minecraft:walk_on_water_one_cm":27150,"minecraft:total_world_time":50919,"minecraft:fall_one_cm":17603},"minecraft:used":{"minecraft:stone_pickaxe":67,"minecraft:wooden_pickaxe":60,"minecraft:rotten_flesh":8,"minecraft:salmon":2,"minecraft:torch":25,"minecraft:dirt":2,"minecraft:mutton":1,"minecraft:crafting_table":3,"rpgsmw:copper_rifle":5,"minecraft:redstone_torch":9,"minecraft:wooden_axe":53,"minecraft:stone_axe":59,"minecraft:cobblestone":41,"minecraft:furnace":3,"minecraft:cooked_beef":8},"minecraft:dropped":{"minecraft:wheat_seeds":2,"minecraft:cooked_beef":5,"rpgsmw:copper_rifle":1,"rpgsmw:fabric":1},"minecraft:crafted":{"rpgsmw:fabric":2,"minecraft:cooked_beef":13,"minecraft:oak_planks":8,"minecraft:crafting_table":1,"minecraft:wooden_pickaxe":1,"minecraft:furnace":1,"minecraft:copper_ingot":3,"minecraft:birch_planks":56,"minecraft:stone_axe":1,"minecraft:air":0,"minecraft:charcoal":2,"minecraft:stick":12,"minecraft:iron_ingot":1,"minecraft:stone_pickaxe":1,"minecraft:wooden_axe":1,"minecraft:oak_button":1,"minecraft:redstone_torch":8,"minecraft:torch":24,"rpgsmw:copper_rifle":1},"minecraft:killed_by":{"minecraft:player":1,"minecraft:zombie":1},"minecraft:mined":{"minecraft:crafting_table":3,"minecraft:grass_block":2,"minecraft:tall_grass":1,"minecraft:copper_ore":21,"minecraft:cobblestone":2,"minecraft:deepslate_copper_ore":1,"minecraft:furnace":3,"minecraft:redstone_torch":1,"minecraft:birch_log":16,"minecraft:iron_ore":17,"minecraft:grass":3,"minecraft:oak_log":38,"minecraft:coal_ore":6,"minecraft:deepslate_iron_ore":7,"minecraft:stone":62,"minecraft:oak_leaves":29,"minecraft:deepslate":1}},"DataVersion":3465}