{"stats":{"minecraft:killed":{"minecraft:sheep":1,"minecraft:zombie":1,"minecraft:salmon":2,"minecraft:spider":1,"minecraft:cow":8},"minecraft:broken":{"minecraft:wooden_axe":1,"minecraft:wooden_pickaxe":1},"minecraft:picked_up":{"minecraft:birch_log":16,"minecraft:raw_iron":21,"minecraft:stick":12,"minecraft:crafting_table":2,"minecraft:cooked_beef":1,"minecraft:salmon":2,"minecraft:leather":6,"minecraft:torch":1,"minecraft:oak_log":38,"minecraft:dirt":2,"minecraft:raw_copper":79,"rpgsmw:class_choose_orb":1,"minecraft:rotten_flesh":2,"minecraft:wheat_seeds":1,"minecraft:cobbled_deepslate":6,"minecraft:beef":13,"minecraft:iron_pickaxe":1,"minecraft:coal":4,"minecraft:oak_sapling":2,"minecraft:mutton":1,"minecraft:birch_sapling":7,"minecraft:white_wool":1,"minecraft:cobblestone":62,"minecraft:furnace":2},"minecraft:custom":{"minecraft:time_since_rest":28209,"minecraft:interact_with_furnace":18,"minecraft:sprint_one_cm":52790,"minecraft:damage_taken":160,"minecraft:walk_one_cm":71448,"minecraft:mob_kills":13,"minecraft:drop":8,"minecraft:damage_dealt":1839,"minecraft:interact_with_crafting_table":7,"minecraft:fly_one_cm":26477,"minecraft:crouch_one_cm":623,"minecraft:play_time":28209,"minecraft:sneak_time":749,"minecraft:walk_under_water_one_cm":4282,"minecraft:jump":289,"minecraft:time_since_death":28209,"minecraft:walk_on_water_one_cm":8637,"minecraft:total_world_time":28209,"minecraft:fall_one_cm":5875},"minecraft:used":{"minecraft:wooden_axe":53,"minecraft:stone_pickaxe":53,"minecraft:wooden_pickaxe":60,"minecraft:stone_axe":11,"minecraft:torch":25,"minecraft:cobblestone":9,"minecraft:dirt":2,"minecraft:mutton":1,"minecraft:crafting_table":3,"minecraft:furnace":3,"rpgsmw:copper_rifle":5,"minecraft:cooked_beef":3},"minecraft:dropped":{"minecraft:wheat_seeds":1,"rpgsmw:fabric":1,"minecraft:cooked_beef":5,"rpgsmw:copper_rifle":1},"minecraft:crafted":{"minecraft:cooked_beef":13,"minecraft:oak_planks":4,"minecraft:charcoal":2,"minecraft:crafting_table":1,"minecraft:stick":4,"minecraft:wooden_pickaxe":1,"minecraft:stone_pickaxe":1,"minecraft:wooden_axe":1,"minecraft:furnace":1,"minecraft:copper_ingot":3,"minecraft:torch":24,"minecraft:birch_planks":56,"minecraft:stone_axe":1,"rpgsmw:copper_rifle":1,"rpgsmw:fabric":2,"minecraft:air":0},"minecraft:mined":{"minecraft:furnace":2,"minecraft:iron_ore":17,"minecraft:birch_log":16,"minecraft:crafting_table":2,"minecraft:grass":2,"minecraft:coal_ore":4,"minecraft:grass_block":2,"minecraft:oak_log":38,"minecraft:deepslate_iron_ore":4,"minecraft:copper_ore":21,"minecraft:tall_grass":1,"minecraft:stone":61,"minecraft:oak_leaves":29,"minecraft:deepslate_copper_ore":1}},"DataVersion":3465}