{"stat.walkOneCm":111373,"achievement.openInventory":22,"stat.craftItem.5":48,"stat.killEntity.Chicken":2,"stat.leaveGame":3,"stat.craftItem.280":4,"stat.damageTaken":1795,"stat.killEntity.Spider":1,"stat.mineBlock.174":3,"stat.mobKills":9,"stat.mineBlock.58":1,"stat.flyOneCm":8599,"stat.craftItem.58":1,"stat.useItem.6":1,"stat.mineBlock.18":4,"stat.drop":7,"stat.mineBlock.17":28,"stat.jump":155,"achievement.buildPickaxe":1,"stat.playOneMinute":27970,"stat.fallOneCm":892,"achievement.buildWorkBench":1,"stat.craftItem.270":1,"stat.craftItem.271":1,"stat.damageDealt":1335,"stat.killEntity.Zombie":5,"achievement.mineWood":28,"achievement.exploreAllBiomes":{"value":0,"progress":["ForestHills","Cherry Blossom","Forest","Plains","Other World"]},"stat.useItem.58":1,"stat.mineBlock.31":2,"stat.useItem.271":20}