{"stats":{"minecraft:killed":{"vampirism:vampire":2,"minecraft:spider":2,"minecraft:skeleton":2,"vampirism:advanced_hunter":1,"minecraft:pig":5,"naturalist:firefly":1,"minecraft:salmon":2,"minecraft:creeper":2,"vampirism:hunter":1,"minecraft:sheep":6,"minecraft:zombie":9,"minecraft:stray":1,"minecraft:cow":8,"mowziesmobs:naga":1},"minecraft:broken":{"minecraft:wooden_pickaxe":1,"minecraft:stone_axe":1,"minecraft:wooden_axe":1},"minecraft:picked_up":{"minecraft:crafting_table":4,"minecraft:ladder":1,"minecraft:diamond_sword":1,"minecraft:raw_copper":79,"minecraft:cobbled_deepslate":7,"minecraft:beef":13,"minecraft:redstone_torch":1,"minecraft:iron_pickaxe":1,"minecraft:light_gray_wool":2,"minecraft:birch_sapling":7,"minecraft:furnace":5,"minecraft:raw_iron":60,"minecraft:stick":18,"minecraft:torch":1,"minecraft:porkchop":11,"vampirism:vampire_fang":2,"minecraft:redstone":8,"minecraft:brown_carpet":1,"minecraft:rotten_flesh":10,"minecraft:arrow":2,"minecraft:gold_ingot":20,"supplementaries:ash":1,"minecraft:mutton":9,"minecraft:white_wool":4,"minecraft:cobblestone":115,"minecraft:birch_log":16,"minecraft:cooked_beef":1,"minecraft:salmon":2,"minecraft:leather":6,"minecraft:oak_log":38,"supplementaries:flax_seeds":3,"minecraft:gunpowder":2,"minecraft:dirt":38,"brewery:hops_seeds":4,"minecraft:bone":2,"vampirism:human_heart":1,"minecraft:gray_carpet":1,"minecraft:wheat_seeds":2,"wardrobe:snowy_boots":1,"minecraft:oak_planks":1,"minecraft:sweet_berries":88,"minecraft:spruce_sapling":7,"minecraft:spruce_log":29,"rpgsmw:class_choose_orb":1,"rpgsmw:class_remove_orb":1,"minecraft:oak_sapling":2,"minecraft:light_gray_carpet":9,"minecraft:coal":121},"minecraft:custom":{"minecraft:mob_kills":43,"minecraft:interact_with_crafting_table":19,"minecraft:open_barrel":7,"minecraft:damage_dealt_resisted":175,"minecraft:leave_game":3,"minecraft:time_since_death":65239,"minecraft:climb_one_cm":2460,"minecraft:damage_resisted":70,"minecraft:sprint_one_cm":254175,"minecraft:walk_one_cm":306894,"minecraft:damage_blocked_by_shield":125,"minecraft:drop":43,"vampirism:skills_unlocked":1,"minecraft:play_time":110919,"minecraft:deaths":3,"minecraft:sneak_time":1682,"minecraft:walk_under_water_one_cm":5110,"minecraft:jump":1876,"minecraft:walk_on_water_one_cm":33337,"minecraft:total_world_time":110919,"vampirism:blood_drunk":2000,"minecraft:interact_with_furnace":54,"minecraft:sleep_in_bed":1,"minecraft:time_since_rest":18820,"minecraft:damage_taken":3482,"minecraft:damage_dealt":8091,"minecraft:swim_one_cm":1460,"minecraft:fly_one_cm":264515,"minecraft:open_chest":3,"minecraft:crouch_one_cm":1927,"minecraft:interact_with_smoker":8,"minecraft:fall_one_cm":42978},"minecraft:used":{"rpgsmw:stone_greatsword":38,"minecraft:ladder":1,"minecraft:light_gray_carpet":1,"minecraft:rotten_flesh":9,"minecraft:torch":33,"minecraft:dirt":31,"minecraft:mutton":1,"rpgsmw:copper_rifle":5,"minecraft:wooden_axe":53,"minecraft:light_gray_wool":2,"minecraft:brown_carpet":1,"minecraft:sweet_berries":34,"minecraft:furnace":4,"fabledweaponry:bulwark_wood":6,"minecraft:cooked_beef":9,"minecraft:cooked_mutton":8,"minecraft:water_bucket":2,"minecraft:stone_pickaxe":79,"minecraft:gray_carpet":1,"minecraft:wooden_pickaxe":60,"minecraft:leather_chestplate":1,"fabledweaponry:scythe_stone":7,"vampirism:human_heart":1,"minecraft:salmon":2,"minecraft:crafting_table":4,"minecraft:spruce_log":2,"minecraft:redstone_torch":9,"minecraft:iron_pickaxe":173,"minecraft:leather_helmet":1,"minecraft:stone_axe":74,"minecraft:cobblestone":42,"minecraft:porkchop":1,"minecraft:cooked_porkchop":10,"minecraft:bucket":2},"minecraft:dropped":{"minecraft:wheat_seeds":2,"minecraft:cooked_beef":5,"rpgsmw:copper_rifle":1,"minecraft:bone":1,"minecraft:cobbled_deepslate":5,"minecraft:birch_sapling":7,"minecraft:light_gray_carpet":8,"supplementaries:flax_seeds":3,"rpgsmw:fabric":1,"minecraft:oak_sapling":2,"rpgsmw:copper_spear":1,"brewery:hops_seeds":4,"minecraft:arrow":2,"minecraft:stone_pickaxe":1},"minecraft:crafted":{"minecraft:oak_planks":16,"minecraft:iron_nugget":9,"minecraft:furnace":1,"minecraft:stone":1,"fabledweaponry:scythe_stone":1,"minecraft:cooked_mutton":8,"fabledweaponry:bulwark_wood":1,"minecraft:stone_pickaxe":1,"minecraft:oak_button":1,"minecraft:copper_block":1,"rpgsmw:woodenfiber":2,"minecraft:stone_hoe":1,"rpgsmw:fabric":2,"minecraft:cooked_beef":13,"minecraft:cooked_porkchop":10,"minecraft:crafting_table":1,"minecraft:wooden_pickaxe":1,"rpgsmw:copper_spear":1,"minecraft:copper_ingot":12,"rpgsmw:stone_greatsword":1,"minecraft:birch_planks":56,"minecraft:stone_axe":1,"minecraft:air":0,"minecraft:charcoal":2,"minecraft:stick":24,"minecraft:iron_ingot":21,"minecraft:wooden_axe":1,"minecraft:stone_sword":1,"minecraft:redstone_torch":8,"minecraft:torch":44,"rpgsmw:copper_rifle":1},"minecraft:killed_by":{"minecraft:player":1,"minecraft:zombie":1},"minecraft:mined":{"minecraft:grass_block":7,"minecraft:spruce_leaves":14,"minecraft:furnace":5,"minecraft:iron_ore":50,"minecraft:deepslate_iron_ore":7,"minecraft:stone":113,"minecraft:light_gray_carpet":1,"brewery:wild_hops":1,"minecraft:brown_carpet":1,"minecraft:crafting_table":4,"minecraft:glass":4,"minecraft:cobblestone":2,"minecraft:copper_ore":21,"minecraft:tall_grass":1,"minecraft:deepslate_copper_ore":1,"supplementaries:urn":1,"minecraft:birch_log":16,"minecraft:redstone_torch":1,"minecraft:sweet_berry_bush":38,"minecraft:spruce_log":29,"minecraft:grass":5,"minecraft:coal_ore":104,"minecraft:oak_log":38,"minecraft:dirt":31,"minecraft:gray_carpet":1,"minecraft:oak_leaves":29,"minecraft:deepslate":1,"minecraft:fern":3}},"DataVersion":3465}