{"stats":{"minecraft:dropped":{"minecraft:cooked_beef":5,"vampirism:human_heart":1,"minecraft:baked_potato":12,"rpgsmw:copper_rifle":1,"alexscaves:rock_candy_purple":1,"minecraft:glass_bottle":8,"tameablebeasts:leaf":3,"minecraft:flint":2,"minecraft:emerald":16,"alexscaves:caramel":7,"minecraft:amethyst_shard":4,"minecraft:iron_pickaxe":1,"alexscaves:gumball_pile":3,"minecraft:bone":4,"darkestsouls:blood_stone_fragment":1,"minecraft:stone_axe":1,"darkestsouls:rusty_mail_scrap":2,"minecraft:iron_nugget":1,"minecraft:cobbled_deepslate":24,"fabledweaponry:scythe_iron":2,"minecraft:obsidian":10,"alexscaves:block_of_chocolate":1,"minecraft:wheat":70,"minecraft:birch_sapling":7,"vampirism:item_alchemical_fire":1,"minecraft:rotten_flesh":9,"minecraft:light_gray_carpet":8,"darkestsouls:beast_blood_clump":4,"minecraft:white_bed":1,"supplementaries:antique_ink":3,"supplementaries:flax_seeds":4,"supplementaries:ash":4,"fabledweaponry:bulwark_wood":2,"culturaldelights:glow_squid":2,"minecraft:arrow":6,"alexscaves:rock_candy_blue":1,"vampirism:blood_container":1,"alexscaves:giant_sweetberry":1,"vampirism:item_garlic":1,"darkestsouls:cinnabar":1,"minecraft:water_bucket":1,"minecraft:bread":10,"darkestsouls:rune_fragment":2,"minecraft:wheat_seeds":5,"vampirism:hunter_axe_enhanced":4,"darkestsouls:small_soul_fragment":5,"minecraft:diamond_leggings":1,"minecraft:poisonous_potato":1,"minecraft:feather":3,"minecraft:cobblestone":1,"rpgsmw:stone_greatsword":1,"minecraft:granite":15,"minecraft:disc_fragment_5":1,"minecraft:stick":189,"minecraft:lava_bucket":1,"minecraft:torch":22,"minecraft:iron_leggings":2,"minecraft:iron_axe":2,"alexscaves:sweetish_fish_blue":2,"trials:trial_key":1,"vampirism:garlic_bread":8,"minecraft:polished_diorite":2,"minecraft:sweet_berries":55,"friendsandfoes:totem_of_freezing":2,"minecraft:smooth_stone_slab":2,"minecraft:diamond_hoe":1,"minecraft:raw_iron":7,"minecraft:diamond_sword":1,"alexscaves:sharpened_candy_cane":4,"minecraft:potato":39,"minecraft:hay_block":13,"rpgsmw:fabric":1,"minecraft:spruce_planks":1,"minecraft:bundle":1,"minecraft:oak_sapling":2,"rpgsmw:copper_spear":1,"minecraft:spider_eye":7,"brewery:hops_seeds":4,"minecraft:spruce_log":81,"minecraft:bow":2,"minecraft:wooden_pickaxe":1,"minecraft:stone_pickaxe":1},"minecraft:used":{"vampirism:altar_infusion":1,"minecraft:ladder":10,"minecraft:diamond_hoe":850,"minecraft:chest":2,"minecraft:stone":1,"vampirism:blood_container":62,"minecraft:rotten_flesh":11,"minecraft:iron_chestplate":1,"minecraft:mutton":1,"vampirism:coffin_white":2,"rpgsmw:copper_rifle":5,"snowyspirit:sled_birch":1,"minecraft:carrot":55,"minecraft:snowball":5,"alexscaves:rainbounce_boots":1,"minecraft:lava_bucket":69,"minecraft:lantern":11,"minecraft:iron_helmet":1,"alexscaves:gummy_ring_red":1,"farmersdelight:cutting_board":1,"minecraft:item_frame":1,"minecraft:redstone_lamp":1,"vampirism:blood_sieve":1,"minecraft:stone_bricks":1,"minecraft:brown_carpet":1,"minecraft:bow":101,"minecraft:scaffolding":5,"minecraft:hay_block":2,"minecraft:sweet_berries":34,"alexscaves:wafer_cookie_block":1,"minecraft:furnace":8,"minecraft:potato":53,"minecraft:stripped_spruce_wood":2,"minecraft:sugar_cane":6,"minecraft:oak_planks":109,"minecraft:diorite":1,"minecraft:stone_pickaxe":79,"minecraft:gray_carpet":1,"minecraft:diamond_axe":205,"fabledweaponry:scythe_stone":130,"minecraft:leather_chestplate":1,"vampirism:human_heart":28,"minecraft:wooden_pickaxe":60,"minecraft:blue_bed":3,"minecraft:composter":4,"minecraft:golden_apple":1,"minecraft:sand":10,"minecraft:blast_furnace":1,"minecraft:lightning_rod":1,"alexscaves:rock_candy_purple":3,"minecraft:redstone_torch":9,"minecraft:stone_button":3,"vampirism:altar_pillar":14,"minecraft:gravel":83,"wardrobe:backpack":42,"minecraft:diamond_sword":88,"wardrobe:large_backpack":34,"vampirism:altar_cleansing":2,"minecraft:oak_fence":2,"vampirism:med_chair":2,"trials:music_disc_precipice":1,"rpgsmw:iron_battle_axe":128,"trials:music_disc_creator_box":29,"rpgsmw:stone_greatsword":111,"minecraft:enchanting_table":1,"minecraft:iron_bars":3,"minecraft:carved_pumpkin":1,"minecraft:stone_shovel":199,"minecraft:light_gray_carpet":1,"minecraft:spruce_planks":73,"minecraft:sculk":7,"minecraft:torch":69,"minecraft:dirt":51,"minecraft:spyglass":1,"minecraft:anvil":1,"minecraft:white_carpet":5,"alexscaves:sprinkles":1,"alexscaves:wafer_cookie_wall":1,"minecraft:spruce_stairs":1,"alexscaves:gummy_ring_blue":2,"minecraft:yellow_carpet":1,"minecraft:spruce_fence":3,"minecraft:polished_diorite":4,"minecraft:wooden_axe":53,"minecraft:bookshelf":13,"minecraft:iron_axe":490,"minecraft:bamboo_hanging_sign":1,"minecraft:light_gray_wool":2,"alexscaves:rock_candy_light_blue":1,"minecraft:oxidized_copper":1,"fabledweaponry:scythe_iron":86,"fabledweaponry:bulwark_wood":92,"minecraft:cooked_beef":9,"minecraft:stone_pressure_plate":2,"minecraft:powder_snow_bucket":13,"minecraft:cobbled_deepslate":18,"minecraft:pointed_dripstone":1,"minecraft:wheat_seeds":89,"minecraft:cooked_mutton":8,"minecraft:water_bucket":17,"vampirism:altar_inspiration":1,"minecraft:snow_block":34,"minecraft:birch_planks":8,"minecraft:copper_block":1,"minecraft:fletching_table":1,"minecraft:stonecutter":1,"minecraft:spruce_fence_gate":1,"vampirism:blood_grinder":2,"minecraft:salmon":2,"minecraft:crafting_table":14,"minecraft:white_bed":2,"minecraft:campfire":1,"minecraft:painting":3,"minecraft:spruce_log":10,"wardrobe:travel_backpack":5,"minecraft:diamond_pickaxe":855,"minecraft:iron_pickaxe":954,"minecraft:spruce_pressure_plate":2,"minecraft:leather_helmet":1,"minecraft:spruce_sapling":24,"vampirism:altar_tip":4,"minecraft:stone_axe":74,"trials:tuff_bricks":1,"minecraft:cobblestone":256,"minecraft:potion":1,"minecraft:porkchop":1,"minecraft:cooked_porkchop":10,"minecraft:bucket":101,"minecraft:jukebox":1},"minecraft:picked_up":{"minecraft:wheat":55,"minecraft:lead":2,"minecraft:diamond_sword":2,"alexscaves:caramel":7,"minecraft:potion":1,"darkestsouls:beast_blood_clump":17,"minecraft:string":30,"minecraft:raw_copper":79,"minecraft:smooth_stone_slab":2,"minecraft:iron_leggings":1,"darkestsouls:rune_fragment":3,"vampirism:obi_belt":2,"rpgsmw:stone_greatsword":1,"minecraft:cobbled_deepslate":109,"minecraft:bucket":1,"minecraft:spruce_planks":12,"vampirism:garlic_bread":8,"minecraft:redstone_torch":1,"minecraft:iron_pickaxe":1,"minecraft:coal_block":3,"minecraft:furnace":9,"minecraft:tipped_arrow":1,"minecraft:spruce_pressure_plate":2,"minecraft:stick":42,"alexscaves:wafer_cookie_block":1,"minecraft:composter":4,"minecraft:oak_fence":35,"minecraft:torch":29,"minecraft:spruce_stairs":1,"alexscaves:rock_candy_light_blue":1,"minecraft:porkchop":29,"minecraft:target":1,"vampirism:vampire_fang":3,"minecraft:pointed_dripstone":1,"minecraft:diorite":1,"vampirism:amulet":1,"alexscaves:gummy_ring_blue":2,"wardrobe:bound_leather":3,"minecraft:brown_carpet":1,"alexscaves:sweetish_fish_yellow":3,"vampirism:blood_bottle":2,"minecraft:rotten_flesh":28,"wardrobe:backpack":1,"vampirism:blood_grinder":1,"supplementaries:antique_ink":3,"minecraft:carved_pumpkin":2,"darkestsouls:titanite_fragment":1,"supplementaries:ash":24,"minecraft:obsidian":15,"minecraft:iron_bars":3,"minecraft:snowball":185,"minecraft:cobblestone":751,"minecraft:lantern":11,"minecraft:birch_log":16,"trials:music_disc_creator_box":28,"minecraft:cooked_beef":3,"minecraft:feather":3,"minecraft:oxidized_copper":2,"vampirism:med_chair":2,"minecraft:andesite":17,"minecraft:water_bucket":1,"minecraft:potato":142,"minecraft:flint":5,"darkestsouls:cinnabar":114,"minecraft:tuff":128,"minecraft:stripped_spruce_wood":2,"supplementaries:flax_seeds":4,"alexscaves:sundrop":3,"trials:trial_key":1,"minecraft:lapis_lazuli":45,"minecraft:dirt":51,"brewery:hops_seeds":4,"culturaldelights:glow_squid":2,"minecraft:bone":8,"fabledweaponry:bulwark_wood":1,"minecraft:bow":1,"minecraft:wheat_seeds":154,"vampirism:altar_pillar":2,"minecraft:raw_gold":67,"vampirism:item_garlic":1,"wardrobe:snowy_boots":1,"minecraft:fletching_table":1,"artifacts:antidote_vessel":1,"minecraft:rabbit":2,"minecraft:oak_planks":30,"alexscaves:rock_candy_blue":1,"darkestsouls:bone_fragment":2,"friendsandfoes:totem_of_freezing":2,"wardrobe:hardened_leather":12,"alexscaves:gummy_ring_red":1,"alexscaves:giant_sweetberry":1,"minecraft:poisonous_potato":1,"minecraft:sand":192,"minecraft:stripped_spruce_log":1,"rpgsmw:class_choose_orb":2,"minecraft:bundle":1,"minecraft:spruce_fence_gate":1,"minecraft:yellow_carpet":1,"minecraft:diamond":26,"rpgsmw:class_remove_orb":2,"alexscaves:sharpened_candy_cane":4,"minecraft:granite":15,"minecraft:bone_meal":1,"alexscaves:rock_candy_purple":3,"minecraft:emerald":30,"minecraft:oak_sapling":2,"minecraft:light_gray_carpet":9,"minecraft:netherrack":1,"minecraft:charcoal":10,"minecraft:crafting_table":13,"minecraft:redstone_lamp":1,"minecraft:ladder":1,"alexscaves:sweetish_fish_blue":2,"trials:music_disc_precipice":2,"alexscaves:peppermint_powder":21,"alexscaves:gumball_pile":9,"minecraft:item_frame":1,"minecraft:white_carpet":6,"trials:breeze_rod":4,"trials:tuff_bricks":1,"minecraft:beef":128,"minecraft:player_head":1,"minecraft:iron_nugget":38,"minecraft:light_gray_wool":2,"alexscaves:wafer_cookie_wall":1,"minecraft:sugar_cane":9,"minecraft:birch_sapling":7,"minecraft:phantom_membrane":2,"minecraft:raw_iron":245,"darkestsouls:soul_fragment":12,"darkestsouls:torn_cloth_piece":8,"alexscaves:gelatin_blue":2,"minecraft:spruce_fence":6,"minecraft:stone_button":2,"minecraft:carrot":180,"minecraft:redstone":9,"minecraft:stone_pressure_plate":4,"minecraft:arrow":10,"culturaldelights:squid":6,"minecraft:hay_block":49,"alexscaves:block_of_chocolate":1,"mowziesmobs:ice_crystal":1,"minecraft:gold_ingot":21,"vampirism:item_alchemical_fire":1,"minecraft:mutton":34,"minecraft:white_wool":31,"vampirism:vampire_blood_bottle":3,"minecraft:salmon":2,"minecraft:leather":60,"minecraft:birch_planks":14,"minecraft:oak_log":42,"darkestsouls:firebomb":4,"minecraft:gunpowder":9,"minecraft:blue_bed":3,"fabledweaponry:scythe_iron":1,"vampirism:human_heart":3,"minecraft:gray_carpet":1,"minecraft:stone_bricks":1,"minecraft:iron_ingot":7,"vampirism:hunter_axe_enhanced":4,"darkestsouls:blood_stone_fragment":5,"alexscaves:candy_cane":55,"darkestsouls:rusty_metal_scrap":1,"minecraft:glass_bottle":7,"vampirism:altar_cleansing":2,"minecraft:book":24,"slashblade:proudsoul_tiny":1,"minecraft:scaffolding":5,"alexscaves:gingerbread_crumbs":10,"friendsandfoes:oxidized_lightning_rod":1,"tameablebeasts:leaf":3,"minecraft:sweet_berries":88,"darkestsouls:rusty_mail_scrap":9,"minecraft:quartz":8,"minecraft:raw_iron_block":2,"minecraft:gravel":87,"minecraft:lava_bucket":1,"minecraft:amethyst_shard":17,"minecraft:spruce_sapling":31,"minecraft:spruce_log":396,"minecraft:spider_eye":7,"darkestsouls:siderite_fragment":19,"vampirism:blood_container":60,"minecraft:stone_axe":1,"minecraft:polished_diorite":6,"minecraft:painting":3,"wardrobe:silk":11,"darkestsouls:small_soul_fragment":11,"minecraft:coal":225,"vampirism:coffin_white":1},"minecraft:custom":{"minecraft:animals_bred":87,"minecraft:interact_with_crafting_table":127,"minecraft:open_barrel":33,"minecraft:leave_game":12,"minecraft:time_since_death":52625,"minecraft:damage_resisted":570,"minecraft:sprint_one_cm":1227717,"minecraft:damage_blocked_by_shield":3435,"vampirism:interact_with_coffin":51,"minecraft:drop":291,"vampirism:interact_with_totem":1,"minecraft:play_noteblock":1,"minecraft:talked_to_villager":44,"minecraft:play_time":907703,"minecraft:deaths":25,"minecraft:jump":7945,"minecraft:walk_on_water_one_cm":84023,"vampirism:interact_with_blood_grinder":33,"minecraft:enchant_item":3,"minecraft:interact_with_furnace":167,"vampirism:altar_of_inspiration_rituals_performed":16,"minecraft:play_record":30,"minecraft:traded_with_villager":83,"vampirism:action_used_bat":206,"minecraft:sleep_in_bed":32,"vampirism:actions_used":243,"vampirism:action_used_regen":36,"minecraft:damage_dealt":56074,"minecraft:player_kills":5,"minecraft:crouch_one_cm":26882,"vampirism:action_used_infect":1,"minecraft:interact_with_smoker":19,"minecraft:interact_with_anvil":3,"minecraft:mob_kills":311,"vampirism:action_time_bat":115906,"minecraft:interact_with_campfire":11,"minecraft:damage_dealt_resisted":836,"minecraft:climb_one_cm":18580,"vampirism:amount_bitten":282,"minecraft:walk_one_cm":3189899,"vampirism:action_time_regen":13342,"vampirism:skills_unlocked":53,"vampirism:infected_creatures":1,"vampirism:interact_with_altar_inspiration":28,"minecraft:sneak_time":20500,"minecraft:walk_under_water_one_cm":23756,"minecraft:interact_with_blast_furnace":30,"minecraft:total_world_time":907703,"vampirism:interact_with_injection_chair":2,"vampirism:blood_drunk":174400,"minecraft:interact_with_stonecutter":6,"minecraft:time_since_rest":16268,"minecraft:damage_absorbed":1574,"minecraft:damage_taken":1376641,"minecraft:swim_one_cm":10261,"minecraft:fly_one_cm":2186297,"minecraft:open_chest":322,"minecraft:fall_one_cm":203309},"minecraft:mined":{"darkestsouls:siderite_ore":1,"minecraft:stone_pressure_plate":2,"minecraft:spruce_planks":12,"minecraft:sculk_vein":73,"minecraft:obsidian":14,"minecraft:carved_pumpkin":2,"minecraft:granite":15,"minecraft:grass_block":9,"minecraft:yellow_carpet":1,"friendsandfoes:oxidized_lightning_rod":1,"alexscaves:rock_candy_purple":2,"darkestsouls:deepslate_siderite_ore":18,"minecraft:coal_block":3,"minecraft:polished_diorite":6,"minecraft:composter":4,"alexscaves:sundrop":2,"minecraft:raw_iron_block":2,"minecraft:iron_ore":110,"minecraft:cobbled_deepslate":3,"minecraft:target":1,"minecraft:deepslate_lapis_ore":4,"minecraft:fletching_table":1,"minecraft:sculk_shrieker":63,"minecraft:dirt_path":4,"minecraft:iron_bars":3,"minecraft:spruce_pressure_plate":2,"alexscaves:rock_candy_blue":1,"brewery:wild_hops":1,"alexscaves:large_peppermint":2,"minecraft:powder_snow":53,"minecraft:torch":1,"vampirism:blood_grinder":1,"minecraft:oxidized_copper":2,"minecraft:glass":4,"minecraft:cobblestone":24,"minecraft:nether_quartz_ore":8,"minecraft:sugar_cane":3,"minecraft:oak_planks":29,"minecraft:wall_torch":3,"minecraft:deepslate_copper_ore":1,"minecraft:birch_log":16,"minecraft:wheat":55,"vampirism:med_chair":2,"minecraft:smooth_stone_slab":1,"minecraft:grass":8,"minecraft:oak_log":42,"alexscaves:gummy_ring_red":1,"minecraft:sand":192,"minecraft:dirt":38,"darkestsouls:deepslate_cinnabar_ore":34,"minecraft:netherrack":2,"minecraft:oak_leaves":29,"minecraft:deepslate":101,"minecraft:redstone_lamp":1,"minecraft:tuff":306,"minecraft:deepslate_diamond_ore":18,"trials:tuff_bricks":1,"vampirism:altar_pillar":2,"minecraft:stone_button":2,"minecraft:spruce_fence":6,"alexscaves:candy_cane_pole":16,"minecraft:spruce_leaves":18,"alexscaves:rock_candy_light_blue":1,"minecraft:hay_block":49,"minecraft:carrots":47,"minecraft:furnace":9,"minecraft:snow":1,"minecraft:andesite":17,"minecraft:stripped_spruce_log":1,"minecraft:bookshelf":8,"minecraft:potatoes":40,"minecraft:deepslate_iron_ore":125,"minecraft:lantern":11,"minecraft:packed_ice":1,"minecraft:stone":726,"alexscaves:gummy_ring_blue":2,"minecraft:light_gray_carpet":1,"minecraft:scaffolding":5,"alexscaves:lollipop_bunch":1,"minecraft:snow_block":45,"minecraft:brown_carpet":1,"vampirism:altar_cleansing":2,"minecraft:oak_fence":36,"minecraft:crafting_table":13,"wardrobe:backpack_block":1,"vampirism:coffin_white":2,"minecraft:sculk_sensor":32,"minecraft:campfire":5,"minecraft:copper_ore":21,"minecraft:tall_grass":3,"alexscaves:giant_sweetberry":1,"minecraft:lapis_ore":4,"minecraft:deepslate_gold_ore":51,"minecraft:sculk":666,"minecraft:diorite":1,"alexscaves:block_of_frosted_chocolate":1,"minecraft:blue_bed":3,"minecraft:spruce_stairs":1,"supplementaries:urn":27,"minecraft:birch_planks":14,"minecraft:stripped_spruce_wood":2,"alexscaves:wafer_cookie_block":1,"minecraft:redstone_torch":1,"minecraft:sweet_berry_bush":38,"minecraft:white_carpet":6,"minecraft:spruce_log":397,"darkestsouls:cinnabar_ore":39,"minecraft:coal_ore":190,"minecraft:gravel":95,"minecraft:gray_carpet":1,"minecraft:cobweb":8,"alexscaves:candy_cane":18,"alexscaves:wafer_cookie_wall":1,"minecraft:spruce_fence_gate":1,"minecraft:stone_bricks":1,"minecraft:gold_ore":17,"minecraft:fern":3,"alexscaves:sweet_puff":1},"minecraft:crafted":{"minecraft:smooth_stone":3,"minecraft:oak_planks":148,"minecraft:lightning_rod":1,"minecraft:stone":182,"snowyspirit:sled_birch":1,"minecraft:bookshelf":13,"fabledweaponry:scythe_stone":1,"minecraft:cooked_mutton":8,"minecraft:quartz_block":2,"minecraft:glass":182,"minecraft:hopper":1,"wardrobe:large_backpack":1,"minecraft:bow":2,"minecraft:iron_boots":2,"vampirism:altar_inspiration":1,"alexscaves:rainbounce_boots":1,"minecraft:chest":3,"vampirism:blood_grinder":1,"minecraft:oak_button":1,"minecraft:copper_block":2,"rpgsmw:woodenfiber":2,"minecraft:stone_bricks":11,"minecraft:stone_hoe":1,"wardrobe:bound_leather":11,"farmersdelight:flint_knife":1,"minecraft:glass_bottle":162,"minecraft:emerald":69,"minecraft:cauldron":1,"minecraft:cooked_porkchop":10,"minecraft:diamond_axe":1,"minecraft:crafting_table":2,"minecraft:spruce_planks":1188,"minecraft:wooden_pickaxe":1,"minecraft:baked_potato":12,"rpgsmw:stone_greatsword":1,"rpgsmw:copper_spear":1,"minecraft:copper_ingot":24,"minecraft:gold_block":8,"minecraft:birch_planks":56,"minecraft:campfire":1,"farmersdelight:cutting_board":1,"minecraft:book":1,"minecraft:paper":3,"minecraft:iron_chestplate":3,"minecraft:diamond_pickaxe":2,"minecraft:charcoal":2,"darkestsouls:cloth_piece":6,"minecraft:stick":2036,"minecraft:iron_ingot":257,"minecraft:iron_pickaxe":4,"vampirism:coffin_white":1,"vampirism:human_heart":108,"minecraft:iron_block":18,"minecraft:stone_sword":1,"minecraft:snow_block":38,"minecraft:gold_ingot":70,"minecraft:redstone_torch":8,"wardrobe:backpack":1,"minecraft:shears":6,"minecraft:cherry_planks":40,"minecraft:stone_shovel":2,"minecraft:raw_iron":18,"vampirism:altar_tip":4,"minecraft:coal":27,"minecraft:jukebox":1,"minecraft:iron_nugget":9,"minecraft:furnace":1,"minecraft:stone_button":1,"minecraft:blast_furnace":1,"snowyspirit:sled_spruce":1,"vampirism:blood_sieve":1,"vampirism:altar_infusion":1,"fabledweaponry:bulwark_wood":2,"minecraft:iron_axe":5,"minecraft:ladder":9,"minecraft:iron_hoe":1,"minecraft:stone_pickaxe":1,"darkestsouls:soul_essence":1,"minecraft:wheat":306,"rpgsmw:fabric":2,"minecraft:cooked_beef":13,"minecraft:enchanting_table":1,"fabledweaponry:scythe_iron":1,"wardrobe:travel_backpack":1,"darkestsouls:quicksilver":49,"minecraft:bucket":2,"minecraft:stone_axe":1,"minecraft:bread":10,"minecraft:air":0,"vampirism:altar_pillar":33,"minecraft:wooden_axe":1,"minecraft:iron_leggings":2,"minecraft:stonecutter":1,"minecraft:anvil":1,"minecraft:white_bed":3,"vampirism:blood_container":5,"rpgsmw:iron_battle_axe":1,"minecraft:torch":44,"rpgsmw:copper_rifle":1},"minecraft:broken":{"rpgsmw:stone_greatsword":1,"fabledweaponry:bulwark_wood":1,"fabledweaponry:scythe_stone":1,"minecraft:stone_axe":1,"minecraft:wooden_axe":1,"minecraft:stone_shovel":1,"minecraft:leather_helmet":1,"rpgsmw:iron_battle_axe":1,"minecraft:leather_chestplate":1,"minecraft:wooden_pickaxe":1,"minecraft:iron_axe":1,"wardrobe:snowy_boots":1,"minecraft:iron_pickaxe":2,"minecraft:iron_helmet":2},"minecraft:killed":{"darkestsouls:gravetender_hollow_longsword":5,"vampirism:vampire":3,"darkestsouls:bonewheel":1,"minecraft:cave_spider":1,"darkestsouls:skeleton_curved_swords":1,"darkestsouls:ashen_blood_beast_patient":2,"minecraft:spider":18,"darkestsouls:church_doctor_scythe":1,"minecraft:skeleton":2,"minecraft:silverfish":8,"vampirism:advanced_hunter":1,"darkestsouls:beast_patient":17,"darkestsouls:church_doctor_lantern":2,"alexscaves:candicorn":1,"darkestsouls:hollow_longsword":4,"darkestsouls:hollow_assassin":3,"artifacts:mimic":1,"minecraft:pig":8,"minecraft:zombie_villager":1,"naturalist:firefly":1,"minecraft:salmon":2,"minecraft:iron_golem":2,"darkestsouls:gravetender_hollow_broken_straightsword":4,"minecraft:creeper":3,"alexscaves:gingerbread_man":9,"vampirism:hunter":4,"minecraft:sheep":10,"alexscaves:caramel_cube":8,"darkestsouls:hollow_crossbow":7,"darkestsouls:skeleton_spear":2,"alexscaves:caniac":4,"minecraft:zombie":20,"minecraft:stray":2,"alexscaves:sweetish_fish":5,"trials:breeze":3,"minecraft:cow":27,"mowziesmobs:naga":1,"alexscaves:gumbeeper":11,"darkestsouls:hollow_axe":3,"minecraft:vex":2,"tameablebeasts:giant_grasshopper":1,"minecraft:phantom":2,"darkestsouls:hollow_broken_straightsword":6,"darkestsouls:skeleton_falchion":4,"alexscaves:gummy_bear":1,"friendsandfoes:iceologer":1,"tameablebeasts:argentavis":1,"mowziesmobs:grottol":9,"darkestsouls:gravetender_hollow_crossbow":2,"minecraft:husk":2,"naturalist:butterfly":1,"minecraft:squid":6,"darkestsouls:cloaked_beast_patient":9},"minecraft:killed_by":{"mowziesmobs:naga":1,"minecraft:zombie":1,"mowziesmobs:frostmaw":2,"vampirism:hunter":3,"darkestsouls:darkwraith":1,"minecraft:player":3,"darkestsouls:skeleton_swordsman_twin_shotels":1,"vampirism:advanced_hunter":2,"minecraft:stray":3,"darkestsouls:ashen_blood_beast_patient":1}},"DataVersion":3465}