{"stats":{"minecraft:used":{"minecraft:ladder":1,"vampirism:blood_container":30,"minecraft:rotten_flesh":11,"minecraft:iron_chestplate":1,"minecraft:mutton":1,"vampirism:coffin_white":1,"rpgsmw:copper_rifle":5,"minecraft:carrot":18,"minecraft:snowball":4,"minecraft:lava_bucket":7,"vampirism:blood_sieve":1,"minecraft:brown_carpet":1,"minecraft:hay_block":2,"minecraft:sweet_berries":34,"minecraft:scaffolding":5,"minecraft:furnace":6,"minecraft:potato":22,"minecraft:stripped_spruce_wood":2,"minecraft:blue_bed":3,"vampirism:human_heart":3,"minecraft:oak_planks":109,"minecraft:stone_pickaxe":79,"minecraft:gray_carpet":1,"minecraft:wooden_pickaxe":60,"minecraft:composter":1,"minecraft:leather_chestplate":1,"fabledweaponry:scythe_stone":130,"minecraft:redstone_torch":9,"minecraft:gravel":17,"wardrobe:backpack":17,"minecraft:diamond_sword":88,"vampirism:med_chair":2,"trials:music_disc_creator_box":8,"rpgsmw:stone_greatsword":111,"minecraft:iron_bars":2,"minecraft:stone_shovel":103,"minecraft:light_gray_carpet":1,"minecraft:spruce_planks":49,"minecraft:torch":52,"minecraft:dirt":51,"minecraft:spruce_stairs":1,"minecraft:spruce_fence":1,"minecraft:wooden_axe":53,"minecraft:iron_axe":208,"minecraft:bamboo_hanging_sign":1,"minecraft:light_gray_wool":2,"fabledweaponry:scythe_iron":57,"fabledweaponry:bulwark_wood":71,"minecraft:cooked_beef":9,"minecraft:powder_snow_bucket":13,"minecraft:cobbled_deepslate":15,"minecraft:wheat_seeds":37,"minecraft:cooked_mutton":8,"minecraft:water_bucket":7,"vampirism:altar_inspiration":1,"minecraft:snow_block":34,"minecraft:birch_planks":8,"minecraft:spruce_fence_gate":1,"vampirism:blood_grinder":2,"minecraft:salmon":2,"minecraft:crafting_table":11,"minecraft:white_bed":2,"minecraft:campfire":1,"minecraft:painting":3,"minecraft:spruce_log":10,"minecraft:diamond_pickaxe":71,"minecraft:iron_pickaxe":954,"minecraft:spruce_pressure_plate":2,"minecraft:leather_helmet":1,"minecraft:spruce_sapling":8,"minecraft:stone_axe":74,"minecraft:cobblestone":200,"minecraft:potion":1,"trials:tuff_bricks":1,"minecraft:porkchop":1,"minecraft:cooked_porkchop":10,"minecraft:bucket":28,"minecraft:jukebox":1},"minecraft:crafted":{"minecraft:oak_planks":132,"minecraft:stone":1,"fabledweaponry:scythe_stone":1,"minecraft:cooked_mutton":8,"minecraft:glass":87,"minecraft:quartz_block":2,"minecraft:hopper":1,"minecraft:iron_boots":1,"vampirism:altar_inspiration":1,"minecraft:chest":1,"minecraft:copper_block":1,"vampirism:blood_grinder":1,"minecraft:oak_button":1,"rpgsmw:woodenfiber":2,"minecraft:stone_hoe":1,"wardrobe:bound_leather":7,"minecraft:glass_bottle":9,"minecraft:cauldron":1,"minecraft:cooked_porkchop":10,"minecraft:crafting_table":1,"minecraft:spruce_planks":216,"minecraft:wooden_pickaxe":1,"minecraft:baked_potato":12,"rpgsmw:stone_greatsword":1,"rpgsmw:copper_spear":1,"minecraft:copper_ingot":12,"minecraft:birch_planks":56,"minecraft:campfire":1,"minecraft:iron_chestplate":1,"minecraft:diamond_pickaxe":1,"minecraft:charcoal":2,"minecraft:stick":44,"minecraft:iron_ingot":182,"minecraft:iron_pickaxe":4,"vampirism:coffin_white":1,"minecraft:iron_block":1,"minecraft:stone_sword":1,"minecraft:snow_block":38,"minecraft:redstone_torch":8,"wardrobe:backpack":1,"minecraft:shears":1,"minecraft:raw_iron":18,"minecraft:stone_shovel":1,"minecraft:jukebox":1,"minecraft:iron_nugget":9,"minecraft:furnace":1,"vampirism:blood_sieve":1,"fabledweaponry:bulwark_wood":2,"minecraft:iron_axe":2,"minecraft:iron_hoe":1,"minecraft:stone_pickaxe":1,"minecraft:wheat":198,"rpgsmw:fabric":2,"minecraft:cooked_beef":13,"fabledweaponry:scythe_iron":1,"minecraft:bucket":2,"minecraft:stone_axe":1,"minecraft:bread":10,"minecraft:air":0,"minecraft:wooden_axe":1,"minecraft:iron_leggings":1,"minecraft:white_bed":2,"vampirism:blood_container":5,"minecraft:torch":44,"rpgsmw:copper_rifle":1},"minecraft:killed_by":{"mowziesmobs:naga":1,"minecraft:zombie":1,"mowziesmobs:frostmaw":2,"vampirism:hunter":3,"darkestsouls:darkwraith":1,"minecraft:player":2,"vampirism:advanced_hunter":2,"minecraft:stray":3},"minecraft:dropped":{"minecraft:cooked_beef":5,"minecraft:baked_potato":12,"rpgsmw:copper_rifle":1,"minecraft:glass_bottle":8,"minecraft:flint":1,"minecraft:iron_pickaxe":1,"minecraft:bone":2,"minecraft:stone_axe":1,"darkestsouls:rusty_mail_scrap":2,"minecraft:iron_nugget":1,"minecraft:cobbled_deepslate":18,"minecraft:wheat":66,"minecraft:birch_sapling":7,"minecraft:obsidian":10,"vampirism:item_alchemical_fire":1,"minecraft:rotten_flesh":8,"minecraft:light_gray_carpet":8,"supplementaries:flax_seeds":3,"supplementaries:ash":1,"fabledweaponry:bulwark_wood":1,"minecraft:arrow":4,"vampirism:blood_container":1,"vampirism:item_garlic":1,"darkestsouls:cinnabar":1,"minecraft:bread":10,"minecraft:wheat_seeds":2,"vampirism:hunter_axe_enhanced":1,"darkestsouls:small_soul_fragment":5,"minecraft:poisonous_potato":1,"minecraft:feather":3,"minecraft:cobblestone":1,"rpgsmw:stone_greatsword":1,"minecraft:granite":15,"minecraft:stick":1,"minecraft:lava_bucket":1,"minecraft:iron_axe":1,"trials:trial_key":1,"vampirism:garlic_bread":8,"minecraft:sweet_berries":55,"friendsandfoes:totem_of_freezing":2,"minecraft:smooth_stone_slab":2,"minecraft:diamond_sword":1,"minecraft:potato":39,"rpgsmw:fabric":1,"minecraft:spruce_planks":1,"minecraft:bundle":1,"minecraft:oak_sapling":2,"rpgsmw:copper_spear":1,"minecraft:spider_eye":7,"brewery:hops_seeds":4,"minecraft:bow":1,"minecraft:stone_pickaxe":1},"minecraft:killed":{"vampirism:vampire":2,"minecraft:cave_spider":1,"darkestsouls:bonewheel":1,"minecraft:spider":16,"darkestsouls:church_doctor_scythe":1,"minecraft:skeleton":2,"minecraft:silverfish":8,"vampirism:advanced_hunter":1,"darkestsouls:beast_patient":4,"darkestsouls:church_doctor_lantern":1,"darkestsouls:hollow_assassin":1,"minecraft:pig":5,"naturalist:firefly":1,"minecraft:zombie_villager":1,"minecraft:salmon":2,"minecraft:iron_golem":1,"minecraft:creeper":3,"vampirism:hunter":4,"minecraft:sheep":10,"darkestsouls:hollow_crossbow":4,"minecraft:zombie":19,"minecraft:stray":2,"trials:breeze":3,"minecraft:cow":21,"mowziesmobs:naga":1,"darkestsouls:hollow_axe":1,"minecraft:vex":2,"minecraft:phantom":2,"darkestsouls:hollow_broken_straightsword":4,"darkestsouls:skeleton_falchion":3,"friendsandfoes:iceologer":1,"tameablebeasts:argentavis":1,"minecraft:husk":2,"naturalist:butterfly":1,"darkestsouls:cloaked_beast_patient":2},"minecraft:picked_up":{"minecraft:wheat":36,"minecraft:diamond_sword":2,"minecraft:potion":1,"darkestsouls:beast_blood_clump":9,"minecraft:string":23,"minecraft:raw_copper":79,"minecraft:smooth_stone_slab":2,"vampirism:obi_belt":1,"rpgsmw:stone_greatsword":1,"minecraft:cobbled_deepslate":99,"minecraft:spruce_planks":2,"vampirism:garlic_bread":8,"minecraft:redstone_torch":1,"minecraft:iron_pickaxe":1,"minecraft:furnace":6,"minecraft:tipped_arrow":1,"minecraft:spruce_pressure_plate":2,"minecraft:stick":27,"minecraft:composter":1,"minecraft:torch":5,"minecraft:spruce_stairs":1,"minecraft:porkchop":15,"vampirism:vampire_fang":2,"vampirism:amulet":1,"wardrobe:bound_leather":3,"minecraft:brown_carpet":1,"vampirism:blood_bottle":2,"minecraft:rotten_flesh":27,"wardrobe:backpack":1,"darkestsouls:titanite_fragment":1,"vampirism:blood_grinder":1,"supplementaries:ash":1,"minecraft:obsidian":14,"minecraft:iron_bars":2,"minecraft:snowball":184,"minecraft:cobblestone":319,"minecraft:birch_log":16,"trials:music_disc_creator_box":7,"minecraft:feather":3,"minecraft:cooked_beef":1,"vampirism:med_chair":2,"minecraft:andesite":17,"minecraft:potato":63,"minecraft:flint":1,"darkestsouls:cinnabar":1,"minecraft:tuff":128,"minecraft:stripped_spruce_wood":2,"supplementaries:flax_seeds":3,"trials:trial_key":1,"minecraft:lapis_lazuli":19,"minecraft:dirt":51,"brewery:hops_seeds":4,"minecraft:bone":3,"fabledweaponry:bulwark_wood":1,"minecraft:bow":1,"minecraft:wheat_seeds":99,"minecraft:raw_gold":24,"vampirism:item_garlic":1,"wardrobe:snowy_boots":1,"minecraft:oak_planks":30,"friendsandfoes:totem_of_freezing":2,"wardrobe:hardened_leather":7,"minecraft:poisonous_potato":1,"minecraft:sand":87,"rpgsmw:class_choose_orb":1,"minecraft:bundle":1,"minecraft:spruce_fence_gate":1,"minecraft:diamond":12,"rpgsmw:class_remove_orb":1,"minecraft:granite":15,"minecraft:oak_sapling":2,"minecraft:light_gray_carpet":9,"minecraft:netherrack":1,"minecraft:charcoal":2,"minecraft:crafting_table":11,"minecraft:ladder":1,"trials:breeze_rod":4,"trials:tuff_bricks":1,"minecraft:beef":113,"minecraft:player_head":1,"minecraft:iron_nugget":2,"minecraft:light_gray_wool":2,"minecraft:birch_sapling":7,"minecraft:phantom_membrane":2,"minecraft:raw_iron":178,"darkestsouls:soul_fragment":6,"darkestsouls:torn_cloth_piece":1,"minecraft:spruce_fence":4,"minecraft:carrot":44,"minecraft:redstone":8,"minecraft:arrow":4,"minecraft:hay_block":24,"mowziesmobs:ice_crystal":1,"minecraft:gold_ingot":21,"vampirism:item_alchemical_fire":1,"minecraft:mutton":28,"minecraft:white_wool":26,"vampirism:vampire_blood_bottle":3,"minecraft:salmon":2,"minecraft:leather":55,"minecraft:birch_planks":9,"minecraft:oak_log":38,"darkestsouls:firebomb":2,"minecraft:gunpowder":2,"minecraft:blue_bed":3,"vampirism:human_heart":3,"minecraft:gray_carpet":1,"minecraft:iron_ingot":3,"vampirism:hunter_axe_enhanced":1,"darkestsouls:blood_stone_fragment":1,"minecraft:glass_bottle":7,"minecraft:scaffolding":5,"minecraft:sweet_berries":88,"darkestsouls:rusty_mail_scrap":5,"minecraft:quartz":8,"minecraft:raw_iron_block":2,"minecraft:gravel":17,"minecraft:lava_bucket":1,"minecraft:spruce_sapling":11,"minecraft:spruce_log":137,"minecraft:spider_eye":7,"vampirism:blood_container":29,"minecraft:stone_axe":1,"minecraft:painting":3,"wardrobe:silk":11,"darkestsouls:small_soul_fragment":9,"minecraft:coal":141},"minecraft:broken":{"rpgsmw:stone_greatsword":1,"fabledweaponry:bulwark_wood":1,"fabledweaponry:scythe_stone":1,"minecraft:stone_axe":1,"minecraft:wooden_axe":1,"minecraft:leather_helmet":1,"minecraft:leather_chestplate":1,"minecraft:wooden_pickaxe":1,"wardrobe:snowy_boots":1,"minecraft:iron_pickaxe":2,"minecraft:iron_helmet":1},"minecraft:custom":{"minecraft:animals_bred":61,"minecraft:interact_with_crafting_table":57,"minecraft:open_barrel":13,"minecraft:leave_game":5,"minecraft:time_since_death":54469,"minecraft:damage_resisted":159,"minecraft:sprint_one_cm":820652,"minecraft:damage_blocked_by_shield":2820,"vampirism:interact_with_coffin":19,"minecraft:drop":199,"minecraft:talked_to_villager":4,"minecraft:play_time":529156,"minecraft:deaths":20,"minecraft:jump":5114,"minecraft:walk_on_water_one_cm":66498,"vampirism:interact_with_blood_grinder":20,"vampirism:altar_of_inspiration_rituals_performed":16,"minecraft:interact_with_furnace":97,"minecraft:play_record":8,"vampirism:action_used_bat":38,"minecraft:sleep_in_bed":14,"vampirism:actions_used":57,"vampirism:action_used_regen":19,"minecraft:damage_dealt":31059,"minecraft:player_kills":2,"minecraft:crouch_one_cm":9636,"minecraft:interact_with_smoker":8,"minecraft:mob_kills":186,"vampirism:action_time_bat":37444,"minecraft:interact_with_campfire":7,"minecraft:damage_dealt_resisted":836,"minecraft:climb_one_cm":2460,"vampirism:amount_bitten":281,"minecraft:walk_one_cm":1773665,"vampirism:action_time_regen":7521,"vampirism:skills_unlocked":33,"vampirism:interact_with_altar_inspiration":28,"minecraft:sneak_time":9256,"minecraft:walk_under_water_one_cm":14560,"minecraft:total_world_time":529156,"vampirism:interact_with_injection_chair":2,"vampirism:blood_drunk":97400,"minecraft:time_since_rest":1126,"minecraft:damage_taken":1085279,"minecraft:swim_one_cm":7172,"minecraft:fly_one_cm":964971,"minecraft:open_chest":95,"minecraft:fall_one_cm":109955},"minecraft:mined":{"minecraft:spruce_planks":2,"minecraft:obsidian":14,"minecraft:granite":15,"minecraft:grass_block":9,"minecraft:composter":1,"minecraft:raw_iron_block":2,"minecraft:iron_ore":72,"minecraft:cobbled_deepslate":3,"minecraft:dirt_path":4,"minecraft:iron_bars":2,"minecraft:spruce_pressure_plate":2,"brewery:wild_hops":1,"minecraft:powder_snow":53,"minecraft:torch":1,"vampirism:blood_grinder":1,"minecraft:glass":4,"minecraft:nether_quartz_ore":8,"minecraft:cobblestone":22,"minecraft:oak_planks":29,"minecraft:wall_torch":2,"minecraft:deepslate_copper_ore":1,"minecraft:wheat":37,"minecraft:birch_log":16,"vampirism:med_chair":2,"minecraft:smooth_stone_slab":1,"minecraft:grass":5,"minecraft:oak_log":38,"minecraft:sand":87,"minecraft:dirt":38,"minecraft:netherrack":2,"minecraft:oak_leaves":29,"minecraft:deepslate":93,"minecraft:tuff":306,"minecraft:deepslate_diamond_ore":12,"trials:tuff_bricks":1,"minecraft:spruce_fence":4,"minecraft:spruce_leaves":17,"minecraft:hay_block":24,"minecraft:furnace":6,"minecraft:carrots":12,"minecraft:andesite":17,"minecraft:potatoes":18,"minecraft:deepslate_iron_ore":103,"minecraft:packed_ice":1,"minecraft:stone":297,"minecraft:light_gray_carpet":1,"minecraft:scaffolding":5,"minecraft:snow_block":45,"minecraft:brown_carpet":1,"minecraft:crafting_table":11,"wardrobe:backpack_block":1,"minecraft:campfire":1,"minecraft:tall_grass":1,"minecraft:copper_ore":21,"minecraft:lapis_ore":4,"minecraft:deepslate_gold_ore":15,"minecraft:blue_bed":3,"supplementaries:urn":1,"minecraft:spruce_stairs":1,"minecraft:birch_planks":9,"minecraft:stripped_spruce_wood":2,"minecraft:redstone_torch":1,"minecraft:sweet_berry_bush":38,"minecraft:spruce_log":138,"minecraft:coal_ore":124,"minecraft:gravel":21,"minecraft:gray_carpet":1,"minecraft:cobweb":8,"minecraft:spruce_fence_gate":1,"minecraft:gold_ore":9,"minecraft:fern":3}},"DataVersion":3465}