{"stats":{"minecraft:custom":{"minecraft:animals_bred":82,"minecraft:interact_with_crafting_table":95,"minecraft:open_barrel":26,"minecraft:leave_game":9,"minecraft:time_since_death":62993,"minecraft:damage_resisted":335,"minecraft:sprint_one_cm":1054520,"minecraft:damage_blocked_by_shield":3035,"vampirism:interact_with_coffin":45,"minecraft:drop":234,"vampirism:interact_with_totem":1,"minecraft:play_noteblock":1,"minecraft:talked_to_villager":39,"minecraft:play_time":776550,"minecraft:deaths":24,"minecraft:jump":6502,"minecraft:walk_on_water_one_cm":70305,"vampirism:interact_with_blood_grinder":32,"minecraft:interact_with_furnace":149,"vampirism:altar_of_inspiration_rituals_performed":16,"minecraft:play_record":30,"minecraft:traded_with_villager":72,"vampirism:action_used_bat":141,"minecraft:sleep_in_bed":28,"vampirism:actions_used":171,"vampirism:action_used_regen":29,"minecraft:damage_dealt":44836,"minecraft:player_kills":4,"minecraft:crouch_one_cm":22653,"vampirism:action_used_infect":1,"minecraft:interact_with_smoker":17,"minecraft:interact_with_anvil":1,"minecraft:mob_kills":241,"vampirism:action_time_bat":94514,"minecraft:interact_with_campfire":7,"minecraft:damage_dealt_resisted":836,"minecraft:climb_one_cm":3170,"vampirism:amount_bitten":282,"minecraft:walk_one_cm":2609654,"vampirism:action_time_regen":10840,"vampirism:skills_unlocked":49,"vampirism:infected_creatures":1,"vampirism:interact_with_altar_inspiration":28,"minecraft:sneak_time":17790,"minecraft:walk_under_water_one_cm":15864,"minecraft:interact_with_blast_furnace":21,"minecraft:total_world_time":776550,"vampirism:interact_with_injection_chair":2,"vampirism:blood_drunk":138400,"minecraft:interact_with_stonecutter":5,"minecraft:time_since_rest":588,"minecraft:damage_absorbed":40,"minecraft:damage_taken":1278715,"minecraft:swim_one_cm":7172,"minecraft:fly_one_cm":1651575,"minecraft:open_chest":260,"minecraft:fall_one_cm":141190},"minecraft:killed":{"darkestsouls:gravetender_hollow_longsword":3,"vampirism:vampire":3,"minecraft:cave_spider":1,"darkestsouls:bonewheel":1,"darkestsouls:skeleton_curved_swords":1,"darkestsouls:ashen_blood_beast_patient":1,"minecraft:spider":18,"darkestsouls:church_doctor_scythe":1,"minecraft:skeleton":2,"minecraft:silverfish":8,"vampirism:advanced_hunter":1,"darkestsouls:beast_patient":13,"darkestsouls:church_doctor_lantern":2,"darkestsouls:hollow_assassin":3,"darkestsouls:hollow_longsword":4,"minecraft:pig":8,"minecraft:zombie_villager":1,"naturalist:firefly":1,"minecraft:salmon":2,"minecraft:iron_golem":2,"darkestsouls:gravetender_hollow_broken_straightsword":3,"minecraft:creeper":3,"vampirism:hunter":4,"minecraft:sheep":10,"darkestsouls:hollow_crossbow":7,"darkestsouls:skeleton_spear":2,"minecraft:zombie":19,"minecraft:stray":2,"trials:breeze":3,"minecraft:cow":23,"mowziesmobs:naga":1,"darkestsouls:hollow_axe":3,"minecraft:vex":2,"tameablebeasts:giant_grasshopper":1,"minecraft:phantom":2,"darkestsouls:hollow_broken_straightsword":5,"darkestsouls:skeleton_falchion":4,"friendsandfoes:iceologer":1,"tameablebeasts:argentavis":1,"mowziesmobs:grottol":7,"minecraft:husk":2,"naturalist:butterfly":1,"darkestsouls:cloaked_beast_patient":5},"minecraft:mined":{"darkestsouls:siderite_ore":1,"minecraft:spruce_planks":4,"minecraft:sculk_vein":7,"minecraft:obsidian":14,"minecraft:carved_pumpkin":2,"minecraft:granite":15,"minecraft:grass_block":9,"friendsandfoes:oxidized_lightning_rod":1,"minecraft:yellow_carpet":1,"darkestsouls:deepslate_siderite_ore":18,"minecraft:coal_block":3,"minecraft:polished_diorite":3,"minecraft:composter":4,"minecraft:raw_iron_block":2,"minecraft:iron_ore":108,"minecraft:cobbled_deepslate":3,"minecraft:target":1,"minecraft:deepslate_lapis_ore":4,"minecraft:fletching_table":1,"minecraft:sculk_shrieker":48,"minecraft:dirt_path":4,"minecraft:iron_bars":2,"minecraft:spruce_pressure_plate":2,"brewery:wild_hops":1,"minecraft:powder_snow":53,"minecraft:torch":1,"vampirism:blood_grinder":1,"minecraft:oxidized_copper":2,"minecraft:nether_quartz_ore":8,"minecraft:glass":4,"minecraft:cobblestone":22,"minecraft:oak_planks":29,"minecraft:wall_torch":2,"minecraft:deepslate_copper_ore":1,"minecraft:wheat":55,"minecraft:birch_log":16,"vampirism:med_chair":2,"minecraft:grass":8,"minecraft:smooth_stone_slab":1,"minecraft:oak_log":38,"minecraft:sand":182,"minecraft:dirt":38,"darkestsouls:deepslate_cinnabar_ore":34,"minecraft:netherrack":2,"minecraft:oak_leaves":29,"minecraft:deepslate":98,"minecraft:tuff":306,"minecraft:deepslate_diamond_ore":16,"trials:tuff_bricks":1,"minecraft:spruce_fence":4,"minecraft:spruce_leaves":18,"minecraft:hay_block":45,"minecraft:furnace":9,"minecraft:carrots":20,"minecraft:snow":1,"minecraft:andesite":17,"minecraft:bookshelf":8,"minecraft:potatoes":40,"minecraft:deepslate_iron_ore":119,"minecraft:packed_ice":1,"minecraft:stone":324,"minecraft:light_gray_carpet":1,"minecraft:scaffolding":5,"minecraft:snow_block":45,"minecraft:brown_carpet":1,"vampirism:altar_cleansing":2,"minecraft:oak_fence":5,"minecraft:crafting_table":12,"wardrobe:backpack_block":1,"vampirism:coffin_white":2,"minecraft:sculk_sensor":10,"minecraft:campfire":5,"minecraft:copper_ore":21,"minecraft:tall_grass":3,"minecraft:deepslate_gold_ore":46,"minecraft:lapis_ore":4,"minecraft:sculk":62,"minecraft:diorite":1,"minecraft:blue_bed":3,"minecraft:spruce_stairs":1,"supplementaries:urn":10,"minecraft:birch_planks":14,"minecraft:stripped_spruce_wood":2,"minecraft:redstone_torch":1,"minecraft:sweet_berry_bush":38,"minecraft:spruce_log":324,"darkestsouls:cinnabar_ore":39,"minecraft:coal_ore":163,"minecraft:gravel":29,"minecraft:gray_carpet":1,"minecraft:cobweb":8,"minecraft:spruce_fence_gate":1,"minecraft:stone_bricks":1,"minecraft:gold_ore":17,"minecraft:fern":3},"minecraft:used":{"minecraft:ladder":1,"minecraft:diamond_hoe":138,"minecraft:chest":1,"vampirism:blood_container":57,"minecraft:rotten_flesh":11,"minecraft:iron_chestplate":1,"minecraft:mutton":1,"vampirism:coffin_white":2,"rpgsmw:copper_rifle":5,"snowyspirit:sled_birch":1,"minecraft:carrot":27,"minecraft:snowball":5,"minecraft:lava_bucket":35,"minecraft:iron_helmet":1,"vampirism:blood_sieve":1,"minecraft:stone_bricks":1,"minecraft:brown_carpet":1,"minecraft:bow":50,"minecraft:hay_block":2,"minecraft:scaffolding":5,"minecraft:sweet_berries":34,"minecraft:furnace":8,"minecraft:potato":53,"minecraft:stripped_spruce_wood":2,"minecraft:diorite":1,"minecraft:oak_planks":109,"minecraft:stone_pickaxe":79,"minecraft:gray_carpet":1,"fabledweaponry:scythe_stone":130,"minecraft:leather_chestplate":1,"vampirism:human_heart":13,"minecraft:blue_bed":3,"minecraft:wooden_pickaxe":60,"minecraft:composter":4,"minecraft:golden_apple":1,"minecraft:blast_furnace":1,"minecraft:lightning_rod":1,"minecraft:redstone_torch":9,"minecraft:stone_button":1,"minecraft:gravel":17,"wardrobe:backpack":41,"minecraft:diamond_sword":88,"wardrobe:large_backpack":16,"vampirism:altar_cleansing":2,"vampirism:med_chair":2,"trials:music_disc_precipice":1,"rpgsmw:iron_battle_axe":128,"trials:music_disc_creator_box":29,"rpgsmw:stone_greatsword":111,"minecraft:iron_bars":2,"minecraft:carved_pumpkin":1,"minecraft:stone_shovel":199,"minecraft:light_gray_carpet":1,"minecraft:spruce_planks":50,"minecraft:sculk":7,"minecraft:torch":52,"minecraft:dirt":51,"minecraft:spyglass":1,"minecraft:anvil":1,"minecraft:spruce_stairs":1,"minecraft:yellow_carpet":1,"minecraft:spruce_fence":1,"minecraft:polished_diorite":3,"minecraft:wooden_axe":53,"minecraft:iron_axe":416,"minecraft:bamboo_hanging_sign":1,"minecraft:light_gray_wool":2,"minecraft:oxidized_copper":1,"fabledweaponry:scythe_iron":86,"fabledweaponry:bulwark_wood":76,"minecraft:cooked_beef":9,"minecraft:stone_pressure_plate":2,"minecraft:powder_snow_bucket":13,"minecraft:cobbled_deepslate":17,"minecraft:wheat_seeds":89,"minecraft:cooked_mutton":8,"minecraft:water_bucket":7,"vampirism:altar_inspiration":1,"minecraft:snow_block":34,"minecraft:birch_planks":8,"minecraft:copper_block":1,"minecraft:fletching_table":1,"minecraft:stonecutter":1,"minecraft:spruce_fence_gate":1,"vampirism:blood_grinder":2,"minecraft:salmon":2,"minecraft:crafting_table":13,"minecraft:white_bed":2,"minecraft:campfire":1,"minecraft:painting":3,"minecraft:spruce_log":10,"minecraft:diamond_pickaxe":362,"minecraft:iron_pickaxe":954,"minecraft:spruce_pressure_plate":2,"minecraft:leather_helmet":1,"minecraft:spruce_sapling":22,"minecraft:stone_axe":74,"trials:tuff_bricks":1,"minecraft:cobblestone":222,"minecraft:potion":1,"minecraft:porkchop":1,"minecraft:cooked_porkchop":10,"minecraft:bucket":57,"minecraft:jukebox":1},"minecraft:picked_up":{"minecraft:wheat":54,"minecraft:lead":2,"minecraft:diamond_sword":2,"minecraft:potion":1,"darkestsouls:beast_blood_clump":16,"minecraft:string":30,"minecraft:raw_copper":79,"minecraft:smooth_stone_slab":2,"darkestsouls:rune_fragment":1,"vampirism:obi_belt":1,"rpgsmw:stone_greatsword":1,"minecraft:cobbled_deepslate":106,"minecraft:bucket":1,"minecraft:spruce_planks":4,"vampirism:garlic_bread":8,"minecraft:redstone_torch":1,"minecraft:iron_pickaxe":1,"minecraft:coal_block":3,"minecraft:furnace":9,"minecraft:tipped_arrow":1,"minecraft:spruce_pressure_plate":2,"minecraft:stick":42,"minecraft:composter":4,"minecraft:oak_fence":5,"minecraft:torch":22,"minecraft:spruce_stairs":1,"minecraft:porkchop":29,"minecraft:target":1,"vampirism:vampire_fang":3,"minecraft:diorite":1,"vampirism:amulet":1,"wardrobe:bound_leather":3,"minecraft:brown_carpet":1,"vampirism:blood_bottle":2,"minecraft:rotten_flesh":28,"wardrobe:backpack":1,"minecraft:carved_pumpkin":2,"darkestsouls:titanite_fragment":1,"vampirism:blood_grinder":1,"supplementaries:ash":19,"minecraft:obsidian":15,"minecraft:iron_bars":2,"minecraft:snowball":185,"minecraft:cobblestone":346,"minecraft:birch_log":16,"trials:music_disc_creator_box":28,"minecraft:cooked_beef":1,"minecraft:feather":3,"minecraft:oxidized_copper":2,"vampirism:med_chair":2,"minecraft:water_bucket":1,"minecraft:andesite":17,"minecraft:potato":140,"minecraft:flint":2,"darkestsouls:cinnabar":114,"minecraft:tuff":128,"minecraft:stripped_spruce_wood":2,"supplementaries:flax_seeds":4,"trials:trial_key":1,"minecraft:lapis_lazuli":45,"minecraft:dirt":51,"brewery:hops_seeds":4,"culturaldelights:glow_squid":2,"minecraft:bone":8,"fabledweaponry:bulwark_wood":1,"minecraft:bow":1,"minecraft:wheat_seeds":151,"minecraft:raw_gold":62,"vampirism:item_garlic":1,"wardrobe:snowy_boots":1,"minecraft:fletching_table":1,"minecraft:rabbit":2,"minecraft:oak_planks":30,"darkestsouls:bone_fragment":2,"friendsandfoes:totem_of_freezing":2,"wardrobe:hardened_leather":7,"minecraft:poisonous_potato":1,"minecraft:sand":182,"rpgsmw:class_choose_orb":2,"minecraft:bundle":1,"minecraft:spruce_fence_gate":1,"minecraft:yellow_carpet":1,"minecraft:diamond":23,"rpgsmw:class_remove_orb":2,"minecraft:granite":15,"minecraft:bone_meal":1,"minecraft:emerald":30,"minecraft:oak_sapling":2,"minecraft:light_gray_carpet":9,"minecraft:netherrack":1,"minecraft:charcoal":10,"minecraft:crafting_table":12,"minecraft:ladder":1,"trials:music_disc_precipice":2,"trials:breeze_rod":4,"trials:tuff_bricks":1,"minecraft:beef":123,"minecraft:player_head":1,"minecraft:iron_nugget":2,"minecraft:light_gray_wool":2,"minecraft:birch_sapling":7,"minecraft:phantom_membrane":2,"minecraft:raw_iron":230,"darkestsouls:soul_fragment":12,"darkestsouls:torn_cloth_piece":7,"minecraft:spruce_fence":4,"minecraft:carrot":75,"minecraft:redstone":8,"minecraft:stone_pressure_plate":2,"minecraft:arrow":9,"minecraft:hay_block":45,"mowziesmobs:ice_crystal":1,"minecraft:gold_ingot":21,"vampirism:item_alchemical_fire":1,"minecraft:mutton":34,"minecraft:white_wool":31,"vampirism:vampire_blood_bottle":3,"minecraft:salmon":2,"minecraft:leather":57,"minecraft:birch_planks":14,"minecraft:oak_log":38,"darkestsouls:firebomb":4,"minecraft:gunpowder":2,"minecraft:blue_bed":3,"fabledweaponry:scythe_iron":1,"vampirism:human_heart":3,"minecraft:stone_bricks":1,"minecraft:gray_carpet":1,"minecraft:iron_ingot":7,"vampirism:hunter_axe_enhanced":4,"darkestsouls:blood_stone_fragment":4,"darkestsouls:rusty_metal_scrap":1,"minecraft:glass_bottle":7,"vampirism:altar_cleansing":2,"minecraft:book":24,"minecraft:scaffolding":5,"slashblade:proudsoul_tiny":1,"friendsandfoes:oxidized_lightning_rod":1,"tameablebeasts:leaf":3,"minecraft:sweet_berries":88,"darkestsouls:rusty_mail_scrap":9,"minecraft:quartz":8,"minecraft:raw_iron_block":2,"minecraft:gravel":24,"minecraft:lava_bucket":1,"minecraft:amethyst_shard":13,"minecraft:spruce_sapling":29,"minecraft:spruce_log":323,"minecraft:spider_eye":7,"darkestsouls:siderite_fragment":19,"vampirism:blood_container":56,"minecraft:polished_diorite":3,"minecraft:stone_axe":1,"minecraft:painting":3,"wardrobe:silk":11,"darkestsouls:small_soul_fragment":11,"minecraft:coal":180,"vampirism:coffin_white":1},"minecraft:dropped":{"minecraft:cooked_beef":5,"minecraft:baked_potato":12,"rpgsmw:copper_rifle":1,"minecraft:glass_bottle":8,"tameablebeasts:leaf":3,"minecraft:flint":2,"minecraft:emerald":16,"minecraft:iron_pickaxe":1,"minecraft:bone":4,"minecraft:stone_axe":1,"darkestsouls:rusty_mail_scrap":2,"minecraft:iron_nugget":1,"minecraft:cobbled_deepslate":22,"fabledweaponry:scythe_iron":2,"minecraft:obsidian":10,"minecraft:wheat":66,"minecraft:birch_sapling":7,"vampirism:item_alchemical_fire":1,"minecraft:rotten_flesh":9,"minecraft:light_gray_carpet":8,"darkestsouls:beast_blood_clump":3,"minecraft:white_bed":1,"supplementaries:flax_seeds":4,"supplementaries:ash":1,"fabledweaponry:bulwark_wood":1,"culturaldelights:glow_squid":2,"minecraft:arrow":5,"vampirism:blood_container":1,"vampirism:item_garlic":1,"minecraft:water_bucket":1,"darkestsouls:cinnabar":1,"minecraft:bread":10,"minecraft:wheat_seeds":2,"vampirism:hunter_axe_enhanced":4,"darkestsouls:small_soul_fragment":5,"minecraft:diamond_leggings":1,"minecraft:poisonous_potato":1,"minecraft:feather":3,"minecraft:cobblestone":1,"rpgsmw:stone_greatsword":1,"minecraft:granite":15,"minecraft:disc_fragment_5":1,"minecraft:stick":187,"minecraft:lava_bucket":1,"minecraft:torch":16,"minecraft:iron_axe":2,"trials:trial_key":1,"vampirism:garlic_bread":8,"minecraft:sweet_berries":55,"friendsandfoes:totem_of_freezing":2,"minecraft:smooth_stone_slab":2,"minecraft:diamond_hoe":1,"minecraft:diamond_sword":1,"minecraft:potato":39,"rpgsmw:fabric":1,"minecraft:spruce_planks":1,"minecraft:bundle":1,"minecraft:oak_sapling":2,"rpgsmw:copper_spear":1,"minecraft:spider_eye":7,"brewery:hops_seeds":4,"minecraft:spruce_log":81,"minecraft:bow":1,"minecraft:wooden_pickaxe":1,"minecraft:stone_pickaxe":1},"minecraft:crafted":{"minecraft:smooth_stone":3,"minecraft:oak_planks":132,"minecraft:lightning_rod":1,"minecraft:stone":92,"snowyspirit:sled_birch":1,"fabledweaponry:scythe_stone":1,"minecraft:cooked_mutton":8,"minecraft:quartz_block":2,"minecraft:glass":182,"minecraft:hopper":1,"wardrobe:large_backpack":1,"minecraft:bow":2,"minecraft:iron_boots":2,"vampirism:altar_inspiration":1,"minecraft:chest":2,"vampirism:blood_grinder":1,"minecraft:oak_button":1,"minecraft:copper_block":2,"rpgsmw:woodenfiber":2,"minecraft:stone_bricks":11,"minecraft:stone_hoe":1,"wardrobe:bound_leather":9,"minecraft:glass_bottle":162,"minecraft:emerald":58,"minecraft:cauldron":1,"minecraft:cooked_porkchop":10,"minecraft:crafting_table":1,"minecraft:spruce_planks":892,"minecraft:wooden_pickaxe":1,"minecraft:baked_potato":12,"rpgsmw:stone_greatsword":1,"rpgsmw:copper_spear":1,"minecraft:copper_ingot":24,"minecraft:birch_planks":56,"minecraft:campfire":1,"darkestsouls:cloth_piece":6,"minecraft:iron_chestplate":3,"minecraft:diamond_pickaxe":1,"minecraft:charcoal":2,"minecraft:stick":1572,"minecraft:iron_ingot":245,"minecraft:iron_pickaxe":4,"vampirism:coffin_white":1,"minecraft:stone_sword":1,"minecraft:iron_block":8,"vampirism:human_heart":108,"minecraft:snow_block":38,"minecraft:gold_ingot":53,"minecraft:redstone_torch":8,"wardrobe:backpack":1,"minecraft:shears":6,"minecraft:stone_shovel":2,"minecraft:raw_iron":18,"vampirism:altar_tip":4,"minecraft:coal":27,"minecraft:jukebox":1,"minecraft:iron_nugget":9,"minecraft:furnace":1,"minecraft:stone_button":1,"minecraft:blast_furnace":1,"vampirism:blood_sieve":1,"fabledweaponry:bulwark_wood":2,"minecraft:iron_axe":5,"minecraft:iron_hoe":1,"minecraft:stone_pickaxe":1,"minecraft:wheat":270,"rpgsmw:fabric":2,"minecraft:cooked_beef":13,"minecraft:enchanting_table":1,"fabledweaponry:scythe_iron":1,"darkestsouls:quicksilver":49,"minecraft:bucket":2,"minecraft:stone_axe":1,"minecraft:bread":10,"minecraft:air":0,"vampirism:altar_pillar":16,"minecraft:wooden_axe":1,"minecraft:iron_leggings":2,"minecraft:stonecutter":1,"minecraft:anvil":1,"minecraft:white_bed":3,"vampirism:blood_container":5,"rpgsmw:iron_battle_axe":1,"minecraft:torch":44,"rpgsmw:copper_rifle":1},"minecraft:killed_by":{"mowziesmobs:naga":1,"minecraft:zombie":1,"mowziesmobs:frostmaw":2,"vampirism:hunter":3,"darkestsouls:darkwraith":1,"minecraft:player":3,"darkestsouls:skeleton_swordsman_twin_shotels":1,"vampirism:advanced_hunter":2,"minecraft:stray":3},"minecraft:broken":{"rpgsmw:stone_greatsword":1,"fabledweaponry:bulwark_wood":1,"fabledweaponry:scythe_stone":1,"minecraft:stone_axe":1,"minecraft:wooden_axe":1,"minecraft:stone_shovel":1,"minecraft:leather_helmet":1,"rpgsmw:iron_battle_axe":1,"minecraft:leather_chestplate":1,"minecraft:wooden_pickaxe":1,"wardrobe:snowy_boots":1,"minecraft:iron_pickaxe":2,"minecraft:iron_helmet":1}},"DataVersion":3465}