{"stat.killEntity.Skeleton":2,"stat.walkOneCm":84336,"achievement.openInventory":2,"stat.leaveGame":3,"stat.damageTaken":18230,"stat.killEntity.Spider":1,"stat.mobKills":14,"stat.killEntity.Creeper":1,"stat.flyOneCm":25218,"stat.drop":108,"stat.jump":225,"stat.swimOneCm":932,"stat.playOneMinute":14738,"stat.fallOneCm":26872,"stat.damageDealt":2020,"stat.killEntity.Zombie":5,"achievement.exploreAllBiomes":{"value":0,"progress":["Sunflower Plains","Cherry Blossom","Forest","Plains"]},"stat.mineBlock.31":15,"stat.diveOneCm":163}