{"stats":{"minecraft:killed_by":{"minecraft:player":2},"minecraft:used":{"minecraft:baked_potato":5,"minecraft:cooked_chicken":5,"minecraft:diamond_sword":6},"minecraft:crafted":{"minecraft:oak_planks":28,"minecraft:gold_ingot":2,"minecraft:air":0},"minecraft:killed":{"darkestsouls:hollow_broken_straightsword":1},"minecraft:dropped":{"minecraft:iron_nugget":4,"minecraft:cobbled_deepslate":12,"minecraft:granite":30,"vampirism:garlic_bread":7,"minecraft:gold_ingot":2,"slashblade:proudsoul_tiny":1},"minecraft:picked_up":{"slashblade:proudsoul_tiny":1,"minecraft:wheat":64,"minecraft:diamond_sword":1,"minecraft:flint":1,"minecraft:tuff":7,"minecraft:oak_log":7,"minecraft:string":1,"minecraft:iron_axe":1,"minecraft:arrow":1,"minecraft:cobbled_deepslate":12,"minecraft:iron_ingot":1,"minecraft:granite":30,"vampirism:garlic_bread":7,"vampirism:hunter_axe_enhanced":1,"minecraft:iron_nugget":4,"darkestsouls:rusty_metal_scrap":1,"minecraft:baked_potato":12},"minecraft:custom":{"minecraft:time_since_rest":7526,"minecraft:interact_with_furnace":3,"minecraft:sprint_one_cm":183160,"minecraft:damage_taken":1074,"minecraft:walk_one_cm":224489,"minecraft:mob_kills":1,"vampirism:interact_with_coffin":2,"minecraft:drop":42,"minecraft:animals_bred":9,"minecraft:damage_dealt":823,"minecraft:fly_one_cm":170679,"minecraft:player_kills":1,"minecraft:open_chest":4,"minecraft:crouch_one_cm":4398,"minecraft:play_time":90059,"minecraft:deaths":3,"minecraft:sneak_time":846,"minecraft:jump":1030,"minecraft:leave_game":1,"minecraft:walk_on_water_one_cm":1880,"minecraft:time_since_death":7421,"vampirism:interact_with_blood_grinder":1,"minecraft:total_world_time":90059,"minecraft:fall_one_cm":29240},"minecraft:mined":{"minecraft:grass":8,"minecraft:oak_log":7,"minecraft:tall_grass":1,"minecraft:oak_leaves":2}},"DataVersion":3465}