{"stats":{"minecraft:killed_by":{"minecraft:player":1},"minecraft:crafted":{"minecraft:oak_planks":28},"minecraft:used":{"minecraft:cooked_chicken":4},"minecraft:dropped":{"slashblade:proudsoul_tiny":1},"minecraft:picked_up":{"slashblade:proudsoul_tiny":1,"minecraft:cobbled_deepslate":12,"minecraft:oak_log":7,"vampirism:hunter_axe_enhanced":1},"minecraft:custom":{"minecraft:open_chest":2,"minecraft:time_since_rest":1390,"minecraft:crouch_one_cm":3705,"minecraft:deaths":1,"minecraft:sprint_one_cm":83180,"minecraft:play_time":30059,"minecraft:damage_taken":393,"minecraft:walk_one_cm":92840,"minecraft:sneak_time":606,"vampirism:interact_with_coffin":2,"minecraft:drop":1,"minecraft:jump":271,"minecraft:damage_dealt":268,"minecraft:leave_game":1,"minecraft:time_since_death":1356,"minecraft:total_world_time":30059,"minecraft:fall_one_cm":4499,"minecraft:fly_one_cm":61831},"minecraft:mined":{"minecraft:grass":8,"minecraft:oak_log":7,"minecraft:tall_grass":1,"minecraft:oak_leaves":2}},"DataVersion":3465}