{"stats":{"minecraft:killed_by":{"minecraft:player":3,"darkestsouls:beast_patient":2},"minecraft:used":{"minecraft:oak_planks":4,"minecraft:baked_potato":12,"snowyspirit:sled_oak":3,"minecraft:cooked_chicken":16,"farmersdelight:onion":1,"minecraft:stripped_spruce_log":4,"minecraft:apple":2,"minecraft:iron_axe":4,"minecraft:bread":20,"minecraft:diamond_sword":195,"minecraft:experience_bottle":2},"minecraft:crafted":{"minecraft:oak_planks":28,"minecraft:air":0,"minecraft:gold_ingot":2},"minecraft:dropped":{"minecraft:iron_nugget":8,"minecraft:cobbled_deepslate":12,"darkestsouls:torn_cloth_piece":4,"minecraft:tuff":7,"vampirism:hunter_axe_enhanced":1,"minecraft:light_gray_carpet":24,"minecraft:granite":30,"darkestsouls:beast_blood_clump":1,"minecraft:item_frame":1,"minecraft:flint":1,"darkestsouls:torn_leather_scrap":1,"minecraft:chest":1,"minecraft:spider_eye":2,"minecraft:brown_carpet":4,"minecraft:arrow":3,"minecraft:string":1,"minecraft:scaffolding":2,"vampirism:garlic_bread":7,"minecraft:gray_carpet":20,"minecraft:gold_ingot":2,"slashblade:proudsoul_tiny":1},"minecraft:picked_up":{"minecraft:wheat":64,"minecraft:diamond_sword":1,"minecraft:flint":1,"minecraft:tuff":7,"minecraft:oak_log":7,"darkestsouls:firebomb":4,"darkestsouls:beast_blood_clump":3,"minecraft:string":2,"minecraft:iron_axe":2,"minecraft:item_frame":4,"minecraft:experience_bottle":2,"minecraft:bone":3,"minecraft:gray_carpet":20,"minecraft:cobbled_deepslate":12,"minecraft:iron_ingot":2,"vampirism:garlic_bread":7,"vampirism:hunter_axe_enhanced":1,"minecraft:iron_nugget":8,"darkestsouls:blood_stone_fragment":1,"darkestsouls:rusty_metal_scrap":1,"minecraft:chest":1,"minecraft:scaffolding":6,"slashblade:proudsoul_tiny":1,"darkestsouls:soul_fragment":9,"darkestsouls:torn_cloth_piece":4,"snowyspirit:sled_oak":4,"minecraft:stripped_spruce_log":4,"minecraft:spider_eye":2,"minecraft:brown_carpet":4,"minecraft:arrow":8,"supplementaries:ash":1,"minecraft:granite":30,"minecraft:baked_potato":12,"darkestsouls:titanite_fragment":5,"darkestsouls:torn_leather_scrap":1,"minecraft:gold_ingot":1,"minecraft:emerald":3,"darkestsouls:small_soul_fragment":8,"minecraft:light_gray_carpet":24},"minecraft:killed":{"darkestsouls:hollow_axe":4,"darkestsouls:church_doctor":1,"minecraft:spider":2,"darkestsouls:gravetender_hollow_broken_straightsword":2,"vampirism:hunter":2,"minecraft:skeleton":4,"darkestsouls:hollow_crossbow":2,"minecraft:zombie":1,"darkestsouls:hollow_broken_straightsword":5,"darkestsouls:cloaked_beast_patient":2,"darkestsouls:beast_patient":3,"darkestsouls:hollow_assassin":1,"darkestsouls:hollow_longsword":4},"minecraft:custom":{"minecraft:interact_with_furnace":3,"minecraft:mob_kills":33,"minecraft:animals_bred":9,"minecraft:interact_with_crafting_table":2,"minecraft:open_barrel":2,"minecraft:damage_dealt_resisted":308,"minecraft:leave_game":2,"minecraft:time_since_death":1270,"minecraft:climb_one_cm":1533,"minecraft:time_since_rest":1600,"minecraft:sprint_one_cm":374380,"minecraft:damage_taken":3746,"minecraft:walk_one_cm":391119,"vampirism:interact_with_coffin":2,"minecraft:drop":82,"minecraft:damage_dealt":11114,"minecraft:fly_one_cm":424421,"minecraft:player_kills":8,"minecraft:open_chest":10,"minecraft:crouch_one_cm":7044,"minecraft:play_time":137194,"minecraft:deaths":6,"minecraft:sneak_time":1665,"minecraft:walk_under_water_one_cm":530,"minecraft:jump":2067,"minecraft:walk_on_water_one_cm":3138,"vampirism:interact_with_blood_grinder":1,"minecraft:total_world_time":137194,"minecraft:fall_one_cm":64886},"minecraft:mined":{"minecraft:light_gray_carpet":8,"minecraft:scaffolding":4,"minecraft:tall_grass":1,"minecraft:fire":1,"minecraft:stripped_spruce_log":4,"minecraft:grass":18,"minecraft:oak_log":7,"minecraft:gray_carpet":10,"minecraft:yellow_stained_glass":1,"minecraft:oak_leaves":2}},"DataVersion":3465}