{"stats":{"minecraft:dropped":{"minecraft:moss_block":2,"minecraft:crafting_table":1,"vampirism:hunter_axe_enhanced":1,"darkestsouls:small_soul_fragment":8,"minecraft:cobblestone":5,"minecraft:glow_berries":1,"minecraft:granite":33,"minecraft:chainmail_helmet":1,"minecraft:coal":8,"minecraft:host_armor_trim_smithing_template":1,"tameablebeasts:leaf":1,"minecraft:item_frame":4,"minecraft:stick":7,"minecraft:flint":1,"alexscaves:peppermint_powder":1,"minecraft:oxeye_daisy":1,"alexscaves:candy_cane":9,"minecraft:torch":1,"alexscaves:rock_candy_orange":2,"rpgsmw:class_choose_orb":1,"minecraft:dead_bush":1,"minecraft:iron_leggings":1,"minecraft:amethyst_shard":4,"minecraft:iron_axe":2,"alexscaves:gingerbread_bricks":1,"snowyspirit:ginger":14,"minecraft:string":2,"vampirism:garlic_bread":7,"minecraft:gray_carpet":20,"alexscaves:cake_layer":2,"minecraft:gold_ingot":2,"minecraft:furnace":1,"alexscaves:sweetish_fish_red":1,"darkestsouls:blood_stone_fragment":1,"minecraft:goat_horn":1,"alexscaves:gingerbread_crumbs":3,"minecraft:iron_nugget":8,"darkestsouls:titanite_fragment":5,"minecraft:cobbled_deepslate":20,"minecraft:bowl":2,"darkestsouls:torn_cloth_piece":4,"minecraft:tuff":9,"farmersdelight:cabbage_seeds":1,"minecraft:raw_iron":1,"darkestsouls:rusty_metal_scrap":1,"minecraft:rotten_flesh":8,"alexscaves:cave_codex":1,"minecraft:oak_planks":76,"minecraft:iron_boots":1,"minecraft:light_gray_carpet":24,"darkestsouls:beast_blood_clump":5,"minecraft:ward_armor_trim_smithing_template":1,"supplementaries:antique_ink":3,"alexscaves:sweetish_fish_pink":2,"alexscaves:sharpened_candy_cane":3,"supplementaries:ash":1,"minecraft:shield":1,"alexscaves:cave_book":1,"darkestsouls:torn_leather_scrap":1,"minecraft:andesite":4,"minecraft:mossy_stone_bricks":1,"minecraft:oak_sapling":3,"minecraft:chest":1,"darkestsouls:quicksilver":64,"alexscaves:sweetish_fish_green":1,"minecraft:spider_eye":3,"minecraft:stone_bricks":10,"darkestsouls:enchanted_torn_cloth_piece":1,"minecraft:brown_carpet":4,"minecraft:arrow":4,"minecraft:stone_pickaxe":2,"minecraft:wooden_pickaxe":1,"minecraft:scaffolding":6,"vampirism:blood_container":1,"alexscaves:sundrop":2,"slashblade:proudsoul_tiny":2,"darkestsouls:soul_fragment":12},"minecraft:used":{"minecraft:shield":7,"minecraft:cooked_chicken":57,"alexscaves:caramel":2,"alexscaves:sprinkles":3,"minecraft:cod_bucket":1,"minecraft:stripped_spruce_log":4,"minecraft:iron_axe":41,"minecraft:iron_helmet":1,"minecraft:iron_boots":2,"alexscaves:spelunkery_table":1,"supplementaries:bomb_blue":1,"minecraft:goat_horn":6,"minecraft:egg":1,"minecraft:furnace":2,"minecraft:cobbled_deepslate":4,"minecraft:water_bucket":5,"minecraft:diorite":10,"minecraft:baked_potato":12,"minecraft:oak_planks":30,"minecraft:stone_pickaxe":44,"minecraft:wooden_pickaxe":3,"snowyspirit:sled_oak":6,"minecraft:chainmail_helmet":1,"farmersdelight:onion":1,"minecraft:crafting_table":7,"minecraft:red_bed":1,"minecraft:blast_furnace":1,"alexscaves:vanilla_ice_cream_scoop":2,"alexscaves:purple_soda_bucket":29,"minecraft:apple":2,"minecraft:bread":52,"alexscaves:sundrop":1,"minecraft:suspicious_stew":2,"minecraft:iron_pickaxe":348,"alexscaves:candy_cane":2,"wardrobe:backpack":2,"minecraft:fishing_rod":23,"minecraft:diamond_sword":510,"minecraft:cobblestone":5,"minecraft:andesite":10,"minecraft:bucket":35,"minecraft:experience_bottle":3},"minecraft:picked_up":{"alexscaves:rock_candy_orange":2,"minecraft:crafting_table":5,"minecraft:wheat":64,"alexscaves:cake_layer":2,"minecraft:suspicious_stew":2,"minecraft:lead":1,"minecraft:diamond_sword":1,"alexscaves:caramel":2,"alexscaves:cave_tablet":7,"darkestsouls:beast_blood_clump":5,"alexscaves:peppermint_powder":1,"minecraft:string":2,"minecraft:red_bed":2,"minecraft:raw_copper":57,"alexscaves:gumball_pile":6,"minecraft:iron_axe":2,"minecraft:item_frame":4,"minecraft:experience_bottle":2,"minecraft:cobbled_deepslate":24,"rpgsmw:rawmiphrilignot":1,"vampirism:garlic_bread":7,"minecraft:iron_nugget":8,"minecraft:chest":1,"minecraft:egg":1,"minecraft:furnace":1,"minecraft:raw_iron":57,"minecraft:stick":7,"alexscaves:gingerbread_bricks":1,"darkestsouls:soul_fragment":26,"snowyspirit:ginger":14,"darkestsouls:torn_cloth_piece":4,"minecraft:torch":1,"minecraft:diorite":13,"minecraft:brown_carpet":4,"minecraft:arrow":9,"minecraft:rotten_flesh":8,"wardrobe:backpack":2,"alexscaves:sweetish_fish_green":1,"supplementaries:antique_ink":3,"alexscaves:spelunkery_table":1,"darkestsouls:quicksilver":201,"darkestsouls:titanite_fragment":5,"minecraft:ward_armor_trim_smithing_template":1,"minecraft:gold_ingot":1,"supplementaries:ash":20,"minecraft:obsidian":10,"minecraft:glow_berries":1,"minecraft:cobblestone":52,"minecraft:oxeye_daisy":1,"minecraft:andesite":14,"minecraft:copper_block":3,"minecraft:flint":1,"alexscaves:cave_book":1,"darkestsouls:cinnabar":277,"minecraft:tuff":9,"minecraft:oak_log":67,"darkestsouls:firebomb":4,"minecraft:gunpowder":12,"alexscaves:sundrop":2,"minecraft:lapis_lazuli":7,"minecraft:paper":19,"minecraft:bone":31,"minecraft:gray_carpet":20,"minecraft:stone_bricks":10,"minecraft:iron_ingot":3,"minecraft:stone_pickaxe":1,"alexscaves:sweetish_fish_pink":2,"minecraft:mossy_stone_bricks":1,"vampirism:hunter_axe_enhanced":1,"darkestsouls:blood_stone_fragment":1,"alexscaves:candy_cane":14,"darkestsouls:rusty_metal_scrap":1,"minecraft:moss_block":2,"minecraft:oak_planks":76,"slashblade:proudsoul_tiny":1,"minecraft:scaffolding":6,"alexscaves:gingerbread_crumbs":3,"darkestsouls:enchanted_torn_cloth_piece":1,"tameablebeasts:leaf":1,"snowyspirit:sled_oak":7,"alexscaves:sweetish_fish_red":1,"minecraft:stripped_spruce_log":4,"minecraft:blast_furnace":1,"minecraft:spider_eye":3,"rpgsmw:class_choose_orb":1,"vampirism:blood_container":1,"minecraft:diamond":14,"alexscaves:sharpened_candy_cane":3,"minecraft:granite":33,"minecraft:emerald":10,"darkestsouls:small_soul_fragment":9,"darkestsouls:torn_leather_scrap":1,"minecraft:baked_potato":12,"minecraft:oak_sapling":3,"minecraft:light_gray_carpet":24,"darkestsouls:repeating_pistol":1,"minecraft:coal":16},"minecraft:custom":{"minecraft:mob_kills":107,"minecraft:animals_bred":9,"minecraft:interact_with_crafting_table":22,"minecraft:open_barrel":18,"minecraft:damage_dealt_resisted":308,"minecraft:eat_cake_slice":4,"minecraft:leave_game":7,"minecraft:time_since_death":20175,"minecraft:climb_one_cm":7554,"minecraft:sprint_one_cm":847355,"minecraft:walk_one_cm":900631,"minecraft:damage_blocked_by_shield":194,"minecraft:drop":181,"vampirism:interact_with_coffin":2,"vampirism:interact_with_totem":4,"minecraft:talked_to_villager":1,"minecraft:play_time":278629,"minecraft:deaths":13,"minecraft:sneak_time":10565,"minecraft:walk_under_water_one_cm":12246,"minecraft:jump":5172,"minecraft:interact_with_blast_furnace":72,"vampirism:interact_with_blood_grinder":1,"minecraft:walk_on_water_one_cm":35298,"minecraft:total_world_time":278629,"minecraft:interact_with_furnace":25,"vampirism:interact_with_research_table":2,"vampirism:interact_with_garlic_diffuser":3,"minecraft:interact_with_loom":4,"minecraft:sleep_in_bed":1,"minecraft:time_since_rest":20197,"minecraft:damage_taken":9556,"minecraft:damage_dealt":27932,"minecraft:player_kills":11,"minecraft:swim_one_cm":38792,"minecraft:fly_one_cm":1212746,"minecraft:open_chest":53,"minecraft:crouch_one_cm":43995,"minecraft:fall_one_cm":175750},"minecraft:mined":{"alexscaves:spelunkery_table":1,"minecraft:tuff":2,"minecraft:deepslate_diamond_ore":2,"minecraft:sculk_vein":1,"minecraft:granite":7,"alexscaves:candy_cane_pole":1,"minecraft:moss_block":3,"minecraft:spawner":2,"minecraft:furnace":1,"minecraft:iron_ore":47,"minecraft:fire":1,"minecraft:andesite":10,"minecraft:stripped_spruce_log":4,"minecraft:sculk_shrieker":3,"alexscaves:rock_candy_orange":3,"minecraft:deepslate_iron_ore":9,"betterarcheology:loot_vase":1,"minecraft:stone":48,"minecraft:light_gray_carpet":8,"minecraft:scaffolding":4,"minecraft:red_bed":2,"alexscaves:block_of_polished_chocolate":4,"minecraft:crafting_table":5,"wardrobe:backpack_block":2,"minecraft:blast_furnace":2,"minecraft:copper_ore":14,"minecraft:tall_grass":3,"minecraft:cobblestone":1,"minecraft:diorite":13,"minecraft:sculk":1,"minecraft:deepslate_copper_ore":3,"alexscaves:cake_layer":2,"supplementaries:urn":18,"betterarcheology:loot_vase_creeper":3,"alexscaves:gingerbread_bricks":1,"minecraft:grass":20,"minecraft:oak_log":40,"darkestsouls:cinnabar_ore":171,"minecraft:gravel":1,"minecraft:gray_carpet":10,"alexscaves:candy_cane":2,"darkestsouls:deepslate_cinnabar_ore":11,"minecraft:stone_bricks":1,"minecraft:yellow_stained_glass":1,"minecraft:mossy_stone_bricks":1,"minecraft:oak_leaves":7,"alexscaves:sweet_puff":1,"minecraft:deepslate":13},"minecraft:crafted":{"minecraft:oak_planks":144,"minecraft:furnace":2,"alexscaves:cave_map":1,"alexscaves:peppermint_powder":6,"minecraft:iron_boots":2,"minecraft:stone_pickaxe":1,"minecraft:dark_oak_planks":28,"minecraft:crafting_table":3,"minecraft:wooden_pickaxe":1,"minecraft:iron_helmet":1,"minecraft:copper_ingot":74,"darkestsouls:quicksilver":169,"minecraft:bread":16,"minecraft:air":0,"darkestsouls:quicksilver_bullet":92,"minecraft:iron_chestplate":1,"minecraft:shield":1,"minecraft:stick":8,"minecraft:iron_ingot":66,"minecraft:iron_pickaxe":2,"minecraft:gold_ingot":7},"minecraft:broken":{"minecraft:iron_chestplate":1,"minecraft:iron_pickaxe":1,"minecraft:iron_helmet":1,"minecraft:fishing_rod":1},"minecraft:killed_by":{"minecraft:player":3,"darkestsouls:cloaked_beast_patient":1,"darkestsouls:skeleton_spear":1,"minecraft:warden":2,"cataclysm:deepling_brute":1,"darkestsouls:hollow_assassin":1,"alexscaves:caniac":1,"darkestsouls:beast_patient":2},"minecraft:killed":{"darkestsouls:hollow_axe":4,"darkestsouls:church_doctor":1,"tameablebeasts:giant_grasshopper":1,"darkestsouls:skeleton_curved_swords":2,"minecraft:spider":3,"minecraft:skeleton":9,"friendsandfoes:glare":1,"darkestsouls:hollow_broken_straightsword":5,"darkestsouls:skeleton_falchion":7,"darkestsouls:church_doctor_pistol":1,"darkestsouls:beast_patient":4,"darkestsouls:church_doctor_lantern":1,"alexscaves:candicorn":1,"darkestsouls:hollow_assassin":1,"darkestsouls:hollow_longsword":4,"cataclysm:deepling_angler":1,"mowziesmobs:grottol":11,"darkestsouls:gravetender_hollow_broken_straightsword":2,"minecraft:creeper":1,"alexscaves:gingerbread_man":2,"vampirism:hunter":2,"alexscaves:caramel_cube":2,"darkestsouls:hollow_crossbow":2,"darkestsouls:skeleton_spear":3,"alexscaves:caniac":6,"cataclysm:deepling_brute":1,"minecraft:zombie":11,"cataclysm:deepling":4,"darkestsouls:cloaked_beast_patient":5,"alexscaves:gumbeeper":7}},"DataVersion":3465}