{"stats":{"minecraft:used":{"minecraft:wooden_pickaxe":15,"vampirism:hunter_axe_enhanced":1,"minecraft:item_frame":2,"minecraft:crafting_table":1,"fabledweaponry:scythe_iron":20},"minecraft:killed_by":{"minecraft:player":4,"darkestsouls:hollow_longsword":1},"minecraft:crafted":{"minecraft:oak_planks":36,"minecraft:crafting_table":1,"minecraft:stick":8,"minecraft:wooden_pickaxe":1,"minecraft:stone_pickaxe":1,"minecraft:stone_axe":1},"minecraft:dropped":{"vampirism:hunter_axe_enhanced":3,"minecraft:arrow":1,"darkestsouls:beast_blood_clump":1,"minecraft:emerald":1},"minecraft:picked_up":{"darkestsouls:torn_cloth_piece":4,"minecraft:flint":1,"minecraft:oak_log":9,"darkestsouls:beast_blood_clump":1,"minecraft:dirt":3,"minecraft:string":1,"minecraft:item_frame":2,"minecraft:arrow":2,"fabledweaponry:scythe_iron":1,"minecraft:iron_nugget":1,"vampirism:hunter_axe_enhanced":4,"minecraft:emerald":2,"darkestsouls:torn_leather_scrap":1,"minecraft:cobblestone":14},"minecraft:custom":{"minecraft:time_since_rest":250,"minecraft:sprint_one_cm":50229,"minecraft:damage_taken":1333,"minecraft:walk_one_cm":62954,"minecraft:drop":6,"minecraft:damage_dealt":803,"minecraft:player_kills":1,"minecraft:interact_with_crafting_table":3,"minecraft:fly_one_cm":31010,"minecraft:open_chest":1,"minecraft:crouch_one_cm":529,"minecraft:play_time":16679,"minecraft:deaths":5,"minecraft:sneak_time":168,"minecraft:walk_under_water_one_cm":25,"minecraft:jump":272,"minecraft:leave_game":1,"minecraft:time_since_death":0,"minecraft:sleep_in_bed":1,"minecraft:total_world_time":16679,"minecraft:climb_one_cm":31,"minecraft:fall_one_cm":4840},"minecraft:mined":{"minecraft:fire":1,"minecraft:grass":1,"minecraft:grass_block":1,"minecraft:oak_log":9,"minecraft:dirt":2,"minecraft:stone":14,"minecraft:oak_leaves":1}},"DataVersion":3465}