{"stats":{"minecraft:used":{"minecraft:wooden_pickaxe":15,"minecraft:item_frame":2,"minecraft:crafting_table":1},"minecraft:killed_by":{"minecraft:player":1},"minecraft:crafted":{"minecraft:oak_planks":36,"minecraft:crafting_table":1,"minecraft:stick":8,"minecraft:wooden_pickaxe":1,"minecraft:stone_pickaxe":1,"minecraft:stone_axe":1},"minecraft:dropped":{"minecraft:arrow":1,"minecraft:emerald":1},"minecraft:picked_up":{"darkestsouls:torn_cloth_piece":4,"minecraft:flint":1,"minecraft:oak_log":9,"darkestsouls:beast_blood_clump":1,"minecraft:dirt":3,"minecraft:string":1,"minecraft:item_frame":2,"minecraft:arrow":2,"vampirism:hunter_axe_enhanced":1,"minecraft:emerald":2,"darkestsouls:torn_leather_scrap":1,"minecraft:cobblestone":14},"minecraft:custom":{"minecraft:time_since_rest":3175,"minecraft:sprint_one_cm":22581,"minecraft:damage_taken":431,"minecraft:walk_one_cm":31168,"minecraft:drop":2,"minecraft:damage_dealt":50,"minecraft:interact_with_crafting_table":3,"minecraft:fly_one_cm":15644,"minecraft:open_chest":1,"minecraft:crouch_one_cm":431,"minecraft:play_time":10816,"minecraft:deaths":1,"minecraft:sneak_time":143,"minecraft:walk_under_water_one_cm":25,"minecraft:jump":141,"minecraft:time_since_death":3140,"minecraft:total_world_time":10816,"minecraft:climb_one_cm":31,"minecraft:fall_one_cm":3046},"minecraft:mined":{"minecraft:grass":1,"minecraft:grass_block":1,"minecraft:oak_log":9,"minecraft:dirt":2,"minecraft:stone":14,"minecraft:oak_leaves":1}},"DataVersion":3465}