{"stats":{"minecraft:picked_up":{"minecraft:pumpkin":1,"minecraft:wheat_seeds":2,"minecraft:sugar_cane":4},"minecraft:custom":{"minecraft:time_since_rest":7351,"minecraft:crouch_one_cm":179,"minecraft:sprint_one_cm":18904,"minecraft:play_time":12912,"minecraft:deaths":1,"minecraft:damage_taken":341,"minecraft:walk_one_cm":9804,"minecraft:sneak_time":107,"minecraft:walk_under_water_one_cm":670,"minecraft:jump":108,"minecraft:damage_dealt":128,"minecraft:leave_game":14,"minecraft:walk_on_water_one_cm":2202,"minecraft:time_since_death":7067,"minecraft:total_world_time":12912,"minecraft:swim_one_cm":6142,"minecraft:fall_one_cm":4304,"minecraft:fly_one_cm":25016},"minecraft:used":{"minecraft:sugar_cane":2},"minecraft:killed_by":{"minecraft:skeleton":1},"minecraft:mined":{"minecraft:grass":50,"minecraft:tall_grass":7,"minecraft:sugar_cane":5,"minecraft:pumpkin":1}},"DataVersion":3465}