{"stats":{"minecraft:custom":{"minecraft:jump":28,"minecraft:time_since_rest":5088,"minecraft:damage_dealt":30,"minecraft:damage_taken":120,"minecraft:crouch_one_cm":95,"minecraft:leave_game":5,"minecraft:play_time":5088,"minecraft:sprint_one_cm":2761,"minecraft:time_since_death":5088,"minecraft:walk_on_water_one_cm":1013,"minecraft:walk_one_cm":3975,"minecraft:sneak_time":57,"minecraft:total_world_time":5088,"minecraft:walk_under_water_one_cm":251,"minecraft:swim_one_cm":5097,"minecraft:fall_one_cm":2178,"minecraft:fly_one_cm":8485},"minecraft:mined":{"minecraft:tall_grass":1,"minecraft:grass":5}},"DataVersion":3465}