{"stats":{"minecraft:picked_up":{"minecraft:cooked_beef":2,"minecraft:pumpkin":1,"minecraft:wheat_seeds":2,"minecraft:sugar_cane":4,"minecraft:dirt":1},"minecraft:custom":{"minecraft:time_since_rest":10871,"minecraft:damage_taken":381,"minecraft:crouch_one_cm":180,"minecraft:sprint_one_cm":20388,"minecraft:play_time":16432,"minecraft:deaths":1,"minecraft:walk_one_cm":15203,"minecraft:sneak_time":141,"minecraft:walk_under_water_one_cm":670,"minecraft:jump":143,"minecraft:damage_dealt":187,"minecraft:leave_game":18,"minecraft:time_since_death":10587,"minecraft:walk_on_water_one_cm":2202,"minecraft:total_world_time":16432,"minecraft:swim_one_cm":6142,"minecraft:fall_one_cm":4515,"minecraft:fly_one_cm":26866,"minecraft:horse_one_cm":11223},"minecraft:used":{"minecraft:cooked_beef":1,"minecraft:sugar_cane":2},"minecraft:killed_by":{"minecraft:skeleton":1},"minecraft:mined":{"minecraft:grass":54,"minecraft:grass_block":1,"minecraft:tall_grass":11,"minecraft:sugar_cane":5,"minecraft:pumpkin":1}},"DataVersion":3465}