{"stats":{"minecraft:custom":{"minecraft:jump":44,"minecraft:time_since_rest":6679,"minecraft:crouch_one_cm":62,"minecraft:play_one_minute":6679,"minecraft:leave_game":2,"minecraft:sprint_one_cm":10182,"minecraft:time_since_death":6679,"minecraft:walk_one_cm":6066,"minecraft:sneak_time":33,"minecraft:mob_kills":1,"minecraft:fall_one_cm":1463,"minecraft:fly_one_cm":17861},"minecraft:used":{"alexsmobs:animal_dictionary":1,"trueprimepiece:nikyu":2},"minecraft:picked_up":{"minecraft:beef":1,"minecraft:leather":1},"minecraft:killed":{"minecraft:cow":1},"minecraft:mined":{"minecraft:fire":8}},"DataVersion":2586}