{"stats":{"minecraft:killed":{"vampirism:vampire":3,"vampirism:advanced_vampire":3,"darkestsouls:ashen_blood_beast_patient":1,"minecraft:spider":4,"darkestsouls:leech":1,"mowziesmobs:frostmaw":1,"minecraft:skeleton":7,"minecraft:chicken":2,"vampirism:advanced_hunter":1,"darkestsouls:beast_patient":2,"minecraft:illusioner":1,"darkestsouls:hollow_longsword":1,"minecraft:pig":3,"naturalist:firefly":1,"minecraft:creeper":3,"alexscaves:gingerbread_man":1,"vampirism:hunter":3,"alexscaves:caramel_cube":4,"darkestsouls:hollow_crossbow":1,"minecraft:pillager":1,"alexscaves:caniac":1,"minecraft:zombie":24,"trials:breeze":4,"minecraft:cow":6,"darkestsouls:hollow_axe":1,"minecraft:evoker":1,"minecraft:slime":1,"darkestsouls:skeleton_falchion":1,"friendsandfoes:iceologer":1,"minecraft:husk":2,"darkestsouls:cloaked_beast_patient":1},"minecraft:broken":{"rpgsmw:stone_greatsword":1,"minecraft:iron_chestplate":1,"minecraft:iron_leggings":1},"minecraft:custom":{"minecraft:animals_bred":1,"minecraft:interact_with_crafting_table":32,"minecraft:open_barrel":16,"minecraft:leave_game":14,"minecraft:time_since_death":31556,"minecraft:damage_resisted":3282,"minecraft:sprint_one_cm":722107,"minecraft:damage_blocked_by_shield":293,"minecraft:drop":123,"vampirism:interact_with_totem":1,"minecraft:talked_to_villager":7,"minecraft:play_time":403126,"minecraft:deaths":51,"minecraft:jump":5865,"minecraft:interact_with_brewingstand":1,"minecraft:walk_on_water_one_cm":30954,"vampirism:interact_with_blood_grinder":1,"minecraft:interact_with_furnace":55,"minecraft:play_record":1,"vampirism:interact_with_research_table":2,"minecraft:interact_with_loom":5,"minecraft:sleep_in_bed":2,"minecraft:damage_dealt":20719,"minecraft:player_kills":4,"minecraft:crouch_one_cm":28089,"minecraft:interact_with_smoker":1,"minecraft:mob_kills":98,"minecraft:interact_with_campfire":16,"minecraft:damage_dealt_resisted":504,"minecraft:climb_one_cm":6915,"minecraft:walk_one_cm":621541,"minecraft:sneak_time":10860,"minecraft:walk_under_water_one_cm":19045,"minecraft:boat_one_cm":294,"minecraft:interact_with_lectern":1,"minecraft:interact_with_blast_furnace":3,"minecraft:total_world_time":403126,"vampirism:interact_with_garlic_diffuser":2,"minecraft:pot_flower":1,"minecraft:time_since_rest":31580,"minecraft:damage_absorbed":51,"minecraft:damage_taken":19644,"minecraft:swim_one_cm":57177,"minecraft:fly_one_cm":1290211,"minecraft:open_chest":72,"minecraft:fall_one_cm":230884},"minecraft:killed_by":{"mowziesmobs:naga":4,"minecraft:creeper":2,"darkestsouls:leech":1,"minecraft:vindicator":2,"trials:breeze":1,"minecraft:zombie":3,"mowziesmobs:frostmaw":2,"minecraft:husk":1,"minecraft:player":9,"darkestsouls:skeleton_curved_swords":1,"vampirism:advanced_hunter":1,"minecraft:stray":1,"minecraft:spider":1,"minecraft:enderman":1,"minecraft:warden":5,"minecraft:skeleton":4},"minecraft:picked_up":{"minecraft:flower_pot":2,"minecraft:stone_slab":2,"minecraft:lead":1,"minecraft:diamond_sword":1,"alexscaves:caramel":3,"darkestsouls:beast_blood_clump":3,"minecraft:string":6,"minecraft:raw_copper":52,"minecraft:smooth_stone_slab":2,"minecraft:iron_leggings":1,"minecraft:diamond_leggings":1,"minecraft:tnt_minecart":1,"minecraft:cobbled_deepslate":94,"minecraft:spruce_planks":3,"vampirism:garlic_bread":7,"alexscaves:cookie_block":1,"minecraft:furnace":6,"minecraft:stick":6,"minecraft:jukebox":1,"minecraft:torch":8,"minecraft:porkchop":5,"minecraft:pointed_dripstone":1,"alexscaves:gummy_ring_blue":1,"alexscaves:sweetish_fish_yellow":1,"farmersdelight:fried_egg":1,"vampirism:blood_bottle":1,"minecraft:rotten_flesh":35,"minecraft:iron_block":4,"minecraft:carved_pumpkin":2,"darkestsouls:titanite_fragment":4,"supplementaries:ash":1,"minecraft:obsidian":14,"minecraft:cobblestone":66,"minecraft:feather":3,"minecraft:cooked_beef":15,"minecraft:andesite":5,"minecraft:copper_block":3,"minecraft:potato":9,"darkestsouls:cinnabar":55,"minecraft:tuff":37,"trials:trial_key":1,"minecraft:lapis_lazuli":54,"minecraft:dirt":1,"minecraft:disc_fragment_5":1,"brewery:hops_seeds":2,"minecraft:bone":18,"minecraft:bow":4,"minecraft:wheat_seeds":5,"minecraft:raw_gold":78,"rpgsmw:fabric":3,"vampirism:item_garlic":2,"alexscaves:rock_candy_blue":1,"friendsandfoes:totem_of_freezing":2,"alexscaves:giant_sweetberry":2,"vampirism:crucifix_normal":1,"minecraft:stripped_spruce_log":4,"minecraft:dead_bush":4,"minecraft:mossy_cobblestone":2,"minecraft:diamond":16,"minecraft:blue_ice":2,"alexscaves:sharpened_candy_cane":1,"minecraft:emerald":25,"minecraft:bread":2,"minecraft:oak_sapling":1,"minecraft:crafting_table":6,"alexscaves:block_of_polished_chocolate":1,"minecraft:chicken":2,"friendsandfoes:totem_of_illusion":1,"minecraft:cooked_rabbit":1,"minecraft:gold_block":4,"trials:scrape_pottery_sherd":1,"trials:music_disc_precipice":1,"alexscaves:cave_codex":1,"alexscaves:peppermint_powder":5,"alexscaves:gumball_pile":3,"minecraft:item_frame":3,"trials:breeze_rod":4,"minecraft:cracked_stone_bricks":1,"trials:flow_pottery_sherd":2,"trials:tuff_bricks":1,"minecraft:beef":14,"minecraft:player_head":1,"minecraft:poppy":1,"alexscaves:rock_candy_lime":1,"minecraft:sugar_cane":7,"minecraft:diamond_hoe":1,"minecraft:egg":2,"minecraft:raw_iron":46,"darkestsouls:soul_fragment":1,"minecraft:bowl":1,"minecraft:stone_button":1,"alexscaves:gelatin_yellow":3,"minecraft:redstone":34,"minecraft:tnt":6,"minecraft:arrow":8,"alexscaves:spelunkery_table":1,"minecraft:hay_block":18,"alexscaves:block_of_chocolate":2,"mowziesmobs:ice_crystal":1,"minecraft:totem_of_undying":1,"minecraft:gold_ingot":1,"vampirism:item_alchemical_fire":1,"vampirism:vampire_blood_bottle":2,"farmersdelight:straw_bale":3,"minecraft:leather":3,"minecraft:fern":1,"minecraft:oak_log":11,"minecraft:gunpowder":10,"minecraft:apple":2,"alexscaves:rock_candy_yellow":2,"fabledweaponry:aegis_wood":1,"minecraft:iron_ingot":52,"minecraft:cooked_chicken":1,"vampirism:hunter_axe_enhanced":1,"darkestsouls:blood_stone_fragment":2,"alexscaves:candy_cane":6,"alexscaves:licoroot_sprout":1,"rpgsmw:copper_rifle":1,"slashblade:proudsoul_tiny":1,"alexscaves:gingerbread_crumbs":3,"darkestsouls:enchanted_torn_cloth_piece":2,"tameablebeasts:leaf":5,"minecraft:bamboo_planks":3,"minecraft:birch_boat":4,"minecraft:pumpkin":1,"minecraft:sweet_berries":110,"minecraft:raw_iron_block":1,"minecraft:amethyst_shard":4,"minecraft:spider_eye":1,"mowziesmobs:naga_fang":1,"minecraft:pumpkin_seeds":4,"darkestsouls:siderite_fragment":3,"vampirism:blood_container":1,"minecraft:stone_axe":5,"minecraft:oak_button":1,"darkestsouls:small_soul_fragment":5,"minecraft:coal":143,"minecraft:ender_pearl":5},"minecraft:crafted":{"minecraft:oak_planks":44,"alexscaves:shot_gum":1,"minecraft:birch_boat":4,"minecraft:cooked_chicken":2,"wardrobe:large_backpack":1,"minecraft:bow":2,"rpgsmw:woodenfiber":2,"minecraft:cooked_porkchop":4,"minecraft:crafting_table":3,"minecraft:spruce_planks":8,"minecraft:wooden_pickaxe":1,"rpgsmw:stone_greatsword":1,"minecraft:iron_chestplate":1,"minecraft:paper":3,"minecraft:diamond_pickaxe":1,"minecraft:stick":32,"minecraft:iron_ingot":39,"minecraft:iron_pickaxe":1,"minecraft:stone_sword":1,"minecraft:gold_ingot":44,"minecraft:shears":1,"minecraft:raw_iron":9,"minecraft:iron_nugget":9,"minecraft:furnace":1,"minecraft:bone_meal":3,"farmersdelight:straw":18,"minecraft:stone_pickaxe":1,"minecraft:diamond_boots":1,"minecraft:spruce_boat":1,"minecraft:lead":3,"alexscaves:sugar_glass":1,"minecraft:wheat":153,"rpgsmw:fabric":1,"minecraft:sugar":2,"minecraft:cooked_cod":5,"minecraft:diamond_sword":1,"brewery:pork_knuckle":4,"darkestsouls:quicksilver":3,"minecraft:bucket":2,"minecraft:stone_axe":1,"minecraft:bread":57,"minecraft:air":0,"fabledweaponry:aegis_wood":1,"minecraft:torch":8,"minecraft:diamond_chestplate":1},"minecraft:mined":{"minecraft:large_amethyst_bud":1,"minecraft:carved_pumpkin":1,"minecraft:obsidian":4,"minecraft:grass_block":1,"darkestsouls:deepslate_siderite_ore":3,"alexscaves:sprinkles":2,"minecraft:raw_iron_block":1,"minecraft:sculk_catalyst":1,"minecraft:iron_ore":6,"minecraft:cobbled_deepslate":28,"minecraft:pumpkin":1,"minecraft:deepslate_lapis_ore":1,"minecraft:sculk_shrieker":2,"minecraft:pointed_dripstone":1,"alexscaves:rock_candy_lime":1,"alexscaves:rock_candy_yellow":2,"alexscaves:rock_candy_blue":1,"minecraft:azalea":1,"minecraft:iron_block":4,"minecraft:deepslate_redstone_ore":8,"minecraft:amethyst_cluster":1,"minecraft:powder_snow":17,"alexscaves:large_peppermint":2,"minecraft:torch":1,"minecraft:cobblestone":6,"minecraft:sugar_cane":3,"minecraft:bamboo_planks":2,"minecraft:tnt":6,"minecraft:stone_brick_stairs":1,"minecraft:copper_block":3,"minecraft:grass":10,"minecraft:cracked_deepslate_tiles":1,"minecraft:oak_log":11,"alexscaves:cookie_block":1,"minecraft:oak_leaves":8,"minecraft:deepslate":36,"alexscaves:small_peppermint":1,"minecraft:deepslate_tiles":2,"alexscaves:spelunkery_table":1,"minecraft:tuff":4,"minecraft:mossy_cobblestone":2,"minecraft:deepslate_diamond_ore":12,"trials:tuff_bricks":1,"minecraft:ladder":1,"minecraft:spruce_fence":3,"minecraft:decorated_pot":1,"minecraft:spruce_leaves":4,"minecraft:hay_block":18,"minecraft:furnace":5,"minecraft:andesite":4,"minecraft:stripped_spruce_log":4,"minecraft:gold_block":4,"minecraft:deepslate_iron_ore":36,"minecraft:stone":58,"alexscaves:licoroot_sprout":1,"alexscaves:gummy_ring_blue":1,"minecraft:light_gray_carpet":4,"alexscaves:lollipop_bunch":5,"alexscaves:block_of_polished_chocolate":1,"minecraft:crafting_table":5,"farmersdelight:straw_bale":3,"minecraft:sculk_sensor":5,"minecraft:stone_slab":3,"minecraft:tall_grass":10,"minecraft:copper_ore":6,"alexscaves:giant_sweetberry":1,"minecraft:lapis_ore":7,"minecraft:deepslate_gold_ore":40,"minecraft:sculk":2,"alexscaves:block_of_frosted_chocolate":2,"supplementaries:urn":4,"minecraft:coal_ore":143,"darkestsouls:cinnabar_ore":36,"minecraft:gravel":1,"minecraft:cobweb":2,"minecraft:cracked_stone_bricks":1,"alexscaves:candy_cane":2,"alexscaves:sweet_puff":2},"minecraft:used":{"minecraft:diamond_hoe":9,"vampirism:blood_container":1,"minecraft:rotten_flesh":26,"minecraft:sculk_sensor":3,"minecraft:iron_chestplate":1,"minecraft:carrot":2,"minecraft:tuff":1,"minecraft:milk_bucket":1,"minecraft:obsidian":12,"minecraft:spruce_boat":1,"friendsandfoes:totem_of_illusion":3,"friendsandfoes:totem_of_freezing":2,"minecraft:bow":9,"minecraft:hay_block":1,"minecraft:oak_sapling":1,"minecraft:furnace":7,"minecraft:egg":1,"minecraft:diamond_boots":1,"minecraft:stone_pickaxe":92,"minecraft:ender_pearl":4,"minecraft:wooden_pickaxe":16,"alexscaves:sharpened_candy_cane":1,"minecraft:golden_apple":1,"alexscaves:cave_book":6,"farmersdelight:cod_roll":2,"minecraft:shears":1,"alexscaves:rock_candy_blue":1,"minecraft:bread":78,"fabledweaponry:aegis_wood":23,"alexscaves:candy_cane":5,"minecraft:diamond_sword":4,"wardrobe:large_backpack":6,"farmersdelight:straw_bale":1,"alexscaves:peppermint_powder":1,"rpgsmw:diamond_knife":344,"minecraft:cooked_rabbit":1,"minecraft:andesite":1,"trials:music_disc_precipice":1,"minecraft:bone_meal":3,"brewery:pork_knuckle":4,"minecraft:experience_bottle":2,"rpgsmw:stone_greatsword":137,"minecraft:stone_sword":11,"minecraft:dead_bush":2,"minecraft:flint_and_steel":2,"minecraft:carved_pumpkin":1,"minecraft:sculk":4,"vampirism:item_alchemical_fire":1,"minecraft:cooked_chicken":1,"alexscaves:giant_sweetberry":2,"minecraft:torch":23,"alexscaves:gummy_ring_blue":1,"alexscaves:sweetish_fish_red_bucket":1,"minecraft:totem_of_undying":1,"alexscaves:cookie_block":1,"alexscaves:spelunkery_table":1,"minecraft:beef":2,"alexscaves:gelatin_yellow":2,"minecraft:cooked_beef":3,"minecraft:cobbled_deepslate":60,"minecraft:pumpkin":1,"minecraft:bamboo_planks":7,"farmersdelight:fried_egg":1,"minecraft:iron_leggings":1,"minecraft:water_bucket":23,"minecraft:birch_planks":7,"minecraft:baked_potato":4,"alexscaves:rock_candy_yellow":2,"alexscaves:sweetish_fish_yellow":1,"minecraft:cracked_stone_bricks":1,"farmersdelight:onion":5,"minecraft:tnt":3,"minecraft:crafting_table":10,"minecraft:diamond_pickaxe":384,"minecraft:apple":1,"minecraft:oak_button":1,"minecraft:iron_pickaxe":7,"minecraft:tnt_minecart":1,"alexscaves:licoroot_sprout":1,"minecraft:stone_axe":42,"minecraft:cobblestone":5,"minecraft:potion":1,"minecraft:porkchop":2,"minecraft:bucket":25,"minecraft:jukebox":1},"minecraft:dropped":{"alexscaves:rock_candy_lime":1,"minecraft:glass_bottle":1,"minecraft:diamond":2,"mowziesmobs:ice_crystal":1,"alexscaves:block_of_polished_chocolate":1,"tameablebeasts:leaf":5,"minecraft:item_frame":3,"minecraft:emerald":21,"minecraft:dirt":1,"minecraft:stone_button":1,"trials:flow_pottery_sherd":2,"farmersdelight:onion":1,"minecraft:amethyst_shard":4,"minecraft:iron_pickaxe":1,"alexscaves:gelatin_yellow":1,"minecraft:stone_axe":5,"darkestsouls:blood_stone_fragment":1,"trials:tuff_bricks":1,"darkestsouls:titanite_fragment":2,"minecraft:cobbled_deepslate":34,"minecraft:pointed_dripstone":1,"alexscaves:cave_tablet":7,"minecraft:obsidian":1,"alexscaves:block_of_chocolate":2,"vampirism:item_alchemical_fire":8,"minecraft:rotten_flesh":4,"vampirism:blood_bottle":1,"rpgsmw:class_remove_orb":2,"minecraft:poppy":1,"minecraft:gunpowder":11,"vampirism:vampire_blood_bottle":2,"vampirism:vampire_fang":1,"darkestsouls:quicksilver":3,"darkestsouls:enchanted_torn_cloth_piece":2,"minecraft:arrow":1,"darkestsouls:soul_fragment":1,"vampirism:item_garlic":2,"minecraft:iron_ingot":52,"minecraft:wheat_seeds":5,"minecraft:copper_block":3,"minecraft:mossy_cobblestone":2,"vampirism:hunter_axe_enhanced":2,"minecraft:feather":1,"minecraft:cobblestone":8,"minecraft:lead":2,"minecraft:apple":1,"minecraft:coal":2,"alexscaves:candy_cane":1,"minecraft:torch":2,"rpgsmw:class_choose_orb":3,"minecraft:dead_bush":2,"minecraft:paper":19,"trials:trial_key":1,"minecraft:string":13,"minecraft:bucket":1,"vampirism:garlic_bread":14,"minecraft:redstone":8,"minecraft:sweet_berries":55,"minecraft:raw_copper":31,"minecraft:smooth_stone_slab":2,"minecraft:bowl":1,"vampirism:obi_belt":1,"minecraft:tuff":13,"minecraft:pumpkin_seeds":4,"minecraft:diamond_sword":2,"minecraft:potato":7,"minecraft:flower_pot":2,"rpgsmw:fabric":2,"minecraft:spruce_planks":4,"minecraft:andesite":3,"minecraft:carved_pumpkin":1,"trials:scrape_pottery_sherd":1,"minecraft:spider_eye":1,"brewery:hops_seeds":2,"minecraft:birch_boat":4,"minecraft:stone_pickaxe":1,"wardrobe:hardened_leather":2}},"DataVersion":3465}