{"stats":{"minecraft:killed":{"vampirism:vampire":2,"vampirism:advanced_vampire":3,"minecraft:spider":4,"minecraft:skeleton":5,"minecraft:chicken":2,"minecraft:illusioner":1,"friendsandfoes:iceologer":1,"minecraft:pig":3,"naturalist:firefly":1,"minecraft:creeper":3,"minecraft:zombie":11},"minecraft:broken":{"rpgsmw:stone_greatsword":1},"minecraft:picked_up":{"minecraft:crafting_table":4,"minecraft:chicken":2,"minecraft:diamond_sword":1,"friendsandfoes:totem_of_illusion":1,"minecraft:string":3,"minecraft:raw_copper":5,"minecraft:cobbled_deepslate":32,"minecraft:spruce_planks":3,"minecraft:player_head":1,"minecraft:sugar_cane":7,"minecraft:furnace":5,"minecraft:egg":2,"minecraft:raw_iron":36,"minecraft:torch":1,"minecraft:porkchop":5,"minecraft:redstone":34,"minecraft:arrow":7,"farmersdelight:fried_egg":1,"vampirism:blood_bottle":1,"minecraft:rotten_flesh":18,"minecraft:hay_block":7,"minecraft:carved_pumpkin":2,"minecraft:cobblestone":39,"minecraft:feather":1,"vampirism:vampire_blood_bottle":2,"minecraft:cooked_beef":2,"minecraft:andesite":2,"minecraft:fern":1,"minecraft:tuff":6,"minecraft:oak_log":10,"minecraft:gunpowder":2,"minecraft:lapis_lazuli":34,"brewery:hops_seeds":2,"minecraft:bone":11,"minecraft:apple":1,"minecraft:bow":4,"minecraft:wheat_seeds":2,"minecraft:raw_gold":78,"rpgsmw:fabric":1,"minecraft:iron_ingot":23,"rpgsmw:copper_rifle":1,"friendsandfoes:totem_of_freezing":1,"minecraft:pumpkin":1,"vampirism:crucifix_normal":1,"minecraft:mossy_cobblestone":2,"minecraft:pumpkin_seeds":4,"minecraft:diamond":15,"minecraft:blue_ice":1,"minecraft:emerald":1,"minecraft:oak_button":1,"minecraft:oak_sapling":1,"minecraft:coal":33},"minecraft:custom":{"minecraft:mob_kills":38,"minecraft:animals_bred":1,"minecraft:interact_with_crafting_table":19,"minecraft:open_barrel":4,"minecraft:interact_with_campfire":1,"minecraft:damage_dealt_resisted":108,"minecraft:leave_game":1,"minecraft:time_since_death":10157,"minecraft:damage_resisted":240,"minecraft:sprint_one_cm":200299,"minecraft:walk_one_cm":157961,"minecraft:drop":19,"minecraft:play_time":110435,"minecraft:deaths":9,"minecraft:sneak_time":2024,"minecraft:walk_under_water_one_cm":3892,"minecraft:boat_one_cm":294,"minecraft:jump":1626,"minecraft:walk_on_water_one_cm":10835,"minecraft:total_world_time":110435,"minecraft:interact_with_furnace":47,"minecraft:pot_flower":1,"minecraft:sleep_in_bed":2,"minecraft:time_since_rest":10186,"minecraft:damage_taken":3179,"minecraft:damage_dealt":8066,"minecraft:swim_one_cm":15375,"minecraft:fly_one_cm":340524,"minecraft:player_kills":1,"minecraft:open_chest":14,"minecraft:crouch_one_cm":4151,"minecraft:interact_with_smoker":1,"minecraft:fall_one_cm":53482},"minecraft:used":{"brewery:pork_knuckle":4,"rpgsmw:stone_greatsword":137,"minecraft:stone_sword":11,"minecraft:carved_pumpkin":1,"vampirism:item_alchemical_fire":1,"minecraft:rotten_flesh":18,"minecraft:iron_chestplate":1,"minecraft:torch":9,"minecraft:milk_bucket":1,"minecraft:spruce_boat":1,"minecraft:bow":1,"minecraft:furnace":6,"minecraft:oak_sapling":1,"minecraft:egg":1,"minecraft:cooked_beef":2,"minecraft:pumpkin":1,"farmersdelight:fried_egg":1,"minecraft:water_bucket":1,"minecraft:diamond_boots":1,"minecraft:stone_pickaxe":92,"minecraft:wooden_pickaxe":16,"minecraft:crafting_table":4,"minecraft:shears":1,"minecraft:diamond_pickaxe":110,"minecraft:apple":1,"minecraft:oak_button":1,"minecraft:iron_pickaxe":3,"minecraft:stone_axe":29,"minecraft:diamond_sword":4,"rpgsmw:diamond_knife":4,"minecraft:porkchop":1,"minecraft:bucket":2},"minecraft:crafted":{"minecraft:oak_planks":40,"minecraft:cooked_chicken":2,"minecraft:furnace":1,"minecraft:bow":2,"minecraft:stone_pickaxe":1,"minecraft:diamond_boots":1,"minecraft:spruce_boat":1,"rpgsmw:woodenfiber":2,"minecraft:wheat":63,"rpgsmw:fabric":1,"minecraft:diamond_sword":1,"minecraft:cooked_porkchop":4,"minecraft:crafting_table":1,"brewery:pork_knuckle":4,"minecraft:spruce_planks":8,"minecraft:wooden_pickaxe":1,"rpgsmw:stone_greatsword":1,"minecraft:bucket":1,"minecraft:stone_axe":1,"minecraft:bread":14,"minecraft:air":0,"minecraft:iron_chestplate":1,"minecraft:diamond_pickaxe":1,"minecraft:stick":32,"minecraft:iron_ingot":39,"minecraft:iron_pickaxe":1,"minecraft:stone_sword":1,"minecraft:gold_ingot":29,"minecraft:torch":8,"minecraft:shears":1},"minecraft:dropped":{"minecraft:iron_ingot":23,"minecraft:wheat_seeds":2,"minecraft:mossy_cobblestone":2,"minecraft:diamond":2,"minecraft:coal":2,"rpgsmw:class_choose_orb":1,"minecraft:iron_pickaxe":1,"minecraft:redstone":8,"minecraft:tuff":6,"rpgsmw:class_remove_orb":1,"minecraft:diamond_sword":2,"minecraft:spruce_planks":4,"minecraft:andesite":2,"minecraft:carved_pumpkin":1,"minecraft:stone_pickaxe":1},"minecraft:killed_by":{"minecraft:creeper":2,"minecraft:spider":1,"minecraft:skeleton":2,"minecraft:zombie":2},"minecraft:mined":{"minecraft:tuff":4,"minecraft:deepslate_diamond_ore":11,"minecraft:mossy_cobblestone":2,"minecraft:carved_pumpkin":1,"minecraft:hay_block":7,"minecraft:furnace":5,"minecraft:andesite":2,"minecraft:pumpkin":1,"minecraft:deepslate_lapis_ore":1,"minecraft:deepslate_iron_ore":36,"minecraft:stone":37,"minecraft:deepslate_redstone_ore":8,"minecraft:crafting_table":4,"minecraft:torch":1,"minecraft:copper_ore":1,"minecraft:tall_grass":2,"minecraft:cobblestone":3,"minecraft:lapis_ore":4,"minecraft:deepslate_gold_ore":40,"minecraft:sugar_cane":3,"minecraft:grass":4,"minecraft:coal_ore":33,"minecraft:oak_log":10,"minecraft:cobweb":2,"minecraft:oak_leaves":7,"minecraft:deepslate":25}},"DataVersion":3465}