{"stats":{"minecraft:killed":{"minecraft:skeleton":1},"minecraft:picked_up":{"minecraft:bone":2,"minecraft:crafting_table":2,"minecraft:arrow":2,"minecraft:apple":1,"minecraft:bow":1,"minecraft:oak_log":6,"minecraft:cobblestone":16,"minecraft:egg":1},"minecraft:custom":{"minecraft:time_since_rest":38435,"minecraft:crouch_one_cm":61,"minecraft:sprint_one_cm":17940,"minecraft:play_time":38435,"minecraft:damage_taken":80,"minecraft:walk_one_cm":10152,"minecraft:sneak_time":143,"minecraft:mob_kills":1,"minecraft:jump":181,"minecraft:damage_dealt":40,"minecraft:leave_game":1,"minecraft:time_since_death":38435,"minecraft:total_world_time":38435,"minecraft:fall_one_cm":7985,"minecraft:interact_with_crafting_table":2,"minecraft:fly_one_cm":56065},"minecraft:used":{"minecraft:stone_axe":1,"minecraft:stone_sword":3,"minecraft:crafting_table":2,"minecraft:egg":1,"minecraft:wooden_pickaxe":16},"minecraft:crafted":{"minecraft:stone_sword":1,"minecraft:furnace":1,"minecraft:oak_planks":24,"minecraft:stone_axe":1,"minecraft:crafting_table":1,"minecraft:stick":8,"minecraft:wooden_pickaxe":1,"minecraft:stone_pickaxe":1},"minecraft:mined":{"minecraft:grass":1,"minecraft:oak_log":6,"minecraft:tall_grass":2,"minecraft:stone":16,"minecraft:oak_leaves":3,"minecraft:crafting_table":2}},"DataVersion":3465}