{"stats":{"minecraft:killed":{"vampirism:vampire":3,"vampirism:advanced_vampire":3,"minecraft:spider":4,"minecraft:skeleton":6,"minecraft:chicken":2,"minecraft:illusioner":1,"friendsandfoes:iceologer":1,"minecraft:pig":3,"naturalist:firefly":1,"minecraft:creeper":3,"minecraft:zombie":15},"minecraft:broken":{"rpgsmw:stone_greatsword":1},"minecraft:picked_up":{"minecraft:crafting_table":5,"minecraft:chicken":2,"minecraft:diamond_sword":1,"minecraft:lead":1,"friendsandfoes:totem_of_illusion":1,"minecraft:string":3,"minecraft:raw_copper":26,"minecraft:cobbled_deepslate":42,"minecraft:spruce_planks":3,"vampirism:garlic_bread":7,"minecraft:player_head":1,"minecraft:sugar_cane":7,"minecraft:furnace":5,"minecraft:egg":2,"minecraft:raw_iron":39,"minecraft:torch":2,"minecraft:porkchop":5,"minecraft:redstone":34,"minecraft:arrow":7,"farmersdelight:fried_egg":1,"vampirism:blood_bottle":1,"minecraft:rotten_flesh":20,"minecraft:hay_block":14,"minecraft:carved_pumpkin":2,"minecraft:cobblestone":48,"vampirism:vampire_blood_bottle":2,"minecraft:feather":3,"minecraft:cooked_beef":2,"minecraft:andesite":2,"minecraft:fern":1,"minecraft:potato":2,"minecraft:tuff":6,"minecraft:oak_log":10,"minecraft:gunpowder":4,"minecraft:lapis_lazuli":54,"minecraft:dirt":1,"brewery:hops_seeds":2,"minecraft:bone":11,"minecraft:apple":2,"minecraft:bow":4,"minecraft:wheat_seeds":2,"minecraft:raw_gold":78,"rpgsmw:fabric":1,"vampirism:item_garlic":2,"minecraft:iron_ingot":23,"vampirism:hunter_axe_enhanced":1,"rpgsmw:copper_rifle":1,"friendsandfoes:totem_of_freezing":1,"minecraft:pumpkin":1,"minecraft:sweet_berries":55,"vampirism:crucifix_normal":1,"minecraft:stripped_spruce_log":4,"minecraft:mossy_cobblestone":2,"mowziesmobs:naga_fang":1,"minecraft:pumpkin_seeds":4,"minecraft:diamond":15,"minecraft:blue_ice":1,"minecraft:emerald":1,"minecraft:oak_button":1,"minecraft:oak_sapling":1,"minecraft:coal":98},"minecraft:custom":{"minecraft:mob_kills":47,"minecraft:animals_bred":1,"minecraft:interact_with_crafting_table":23,"minecraft:open_barrel":7,"minecraft:interact_with_campfire":1,"minecraft:damage_dealt_resisted":108,"minecraft:leave_game":2,"minecraft:time_since_death":1306,"minecraft:climb_one_cm":5070,"minecraft:damage_resisted":1181,"minecraft:sprint_one_cm":308099,"minecraft:walk_one_cm":250956,"minecraft:damage_blocked_by_shield":30,"minecraft:drop":27,"minecraft:play_time":153125,"minecraft:deaths":14,"minecraft:sneak_time":2930,"minecraft:walk_under_water_one_cm":7989,"minecraft:boat_one_cm":294,"minecraft:interact_with_lectern":1,"minecraft:jump":2632,"minecraft:interact_with_brewingstand":1,"minecraft:walk_on_water_one_cm":14613,"minecraft:total_world_time":153125,"minecraft:interact_with_furnace":48,"vampirism:interact_with_research_table":2,"vampirism:interact_with_garlic_diffuser":2,"minecraft:pot_flower":1,"minecraft:sleep_in_bed":2,"minecraft:time_since_rest":1329,"minecraft:damage_taken":5927,"minecraft:damage_dealt":9844,"minecraft:swim_one_cm":30142,"minecraft:fly_one_cm":516882,"minecraft:player_kills":1,"minecraft:open_chest":32,"minecraft:crouch_one_cm":5307,"minecraft:interact_with_smoker":1,"minecraft:fall_one_cm":89829},"minecraft:used":{"rpgsmw:stone_greatsword":137,"minecraft:stone_sword":11,"minecraft:carved_pumpkin":1,"vampirism:item_alchemical_fire":1,"minecraft:rotten_flesh":20,"minecraft:iron_chestplate":1,"minecraft:torch":9,"minecraft:milk_bucket":1,"minecraft:spruce_boat":1,"friendsandfoes:totem_of_illusion":2,"friendsandfoes:totem_of_freezing":1,"minecraft:bow":8,"minecraft:oak_sapling":1,"minecraft:furnace":6,"minecraft:egg":1,"minecraft:cooked_beef":3,"minecraft:cobbled_deepslate":28,"minecraft:pumpkin":1,"farmersdelight:fried_egg":1,"minecraft:water_bucket":14,"minecraft:diamond_boots":1,"minecraft:stone_pickaxe":92,"minecraft:wooden_pickaxe":16,"minecraft:crafting_table":5,"minecraft:shears":1,"minecraft:diamond_pickaxe":209,"minecraft:apple":1,"minecraft:bread":24,"minecraft:iron_pickaxe":3,"minecraft:oak_button":1,"fabledweaponry:aegis_wood":3,"minecraft:stone_axe":36,"minecraft:diamond_sword":4,"rpgsmw:diamond_knife":45,"minecraft:porkchop":2,"minecraft:bucket":14,"brewery:pork_knuckle":4},"minecraft:crafted":{"minecraft:oak_planks":40,"minecraft:cooked_chicken":2,"minecraft:furnace":1,"minecraft:bow":2,"minecraft:stone_pickaxe":1,"minecraft:diamond_boots":1,"minecraft:spruce_boat":1,"rpgsmw:woodenfiber":2,"minecraft:wheat":126,"rpgsmw:fabric":1,"minecraft:cooked_cod":5,"minecraft:diamond_sword":1,"minecraft:cooked_porkchop":4,"minecraft:crafting_table":1,"brewery:pork_knuckle":4,"minecraft:spruce_planks":8,"minecraft:wooden_pickaxe":1,"rpgsmw:stone_greatsword":1,"minecraft:bucket":1,"minecraft:stone_axe":1,"minecraft:bread":48,"minecraft:air":0,"fabledweaponry:aegis_wood":1,"minecraft:iron_chestplate":1,"minecraft:diamond_pickaxe":1,"minecraft:stick":32,"minecraft:iron_ingot":39,"minecraft:iron_pickaxe":1,"minecraft:stone_sword":1,"minecraft:gold_ingot":29,"minecraft:torch":8,"minecraft:shears":1},"minecraft:dropped":{"vampirism:item_garlic":2,"minecraft:iron_ingot":23,"minecraft:wheat_seeds":2,"minecraft:mossy_cobblestone":2,"minecraft:diamond":2,"vampirism:hunter_axe_enhanced":1,"minecraft:feather":1,"minecraft:apple":1,"minecraft:coal":2,"minecraft:dirt":1,"rpgsmw:class_choose_orb":1,"minecraft:iron_pickaxe":1,"vampirism:garlic_bread":7,"minecraft:redstone":8,"minecraft:tuff":6,"rpgsmw:class_remove_orb":1,"minecraft:diamond_sword":2,"vampirism:vampire_fang":1,"minecraft:spruce_planks":4,"minecraft:andesite":2,"minecraft:carved_pumpkin":1,"brewery:hops_seeds":2,"minecraft:stone_pickaxe":1},"minecraft:killed_by":{"minecraft:creeper":2,"minecraft:spider":1,"minecraft:skeleton":2,"minecraft:zombie":2,"mowziesmobs:naga":2},"minecraft:mined":{"minecraft:tuff":4,"minecraft:deepslate_diamond_ore":11,"minecraft:mossy_cobblestone":2,"minecraft:carved_pumpkin":1,"minecraft:ladder":1,"minecraft:grass_block":1,"minecraft:spruce_leaves":4,"minecraft:hay_block":14,"minecraft:furnace":5,"minecraft:iron_ore":6,"minecraft:cobbled_deepslate":10,"minecraft:andesite":2,"minecraft:stripped_spruce_log":4,"minecraft:pumpkin":1,"minecraft:deepslate_lapis_ore":1,"minecraft:deepslate_iron_ore":36,"minecraft:stone":47,"minecraft:light_gray_carpet":4,"minecraft:deepslate_redstone_ore":8,"minecraft:crafting_table":5,"minecraft:torch":1,"minecraft:tall_grass":2,"minecraft:copper_ore":6,"minecraft:cobblestone":3,"minecraft:lapis_ore":7,"minecraft:deepslate_gold_ore":40,"minecraft:sugar_cane":3,"minecraft:grass":4,"minecraft:oak_log":10,"minecraft:coal_ore":98,"minecraft:cobweb":2,"minecraft:oak_leaves":7,"minecraft:deepslate":25}},"DataVersion":3465}