{"stats":{"minecraft:crafted":{"minecraft:oak_planks":40,"minecraft:birch_boat":4,"minecraft:cooked_chicken":2,"wardrobe:large_backpack":1,"minecraft:bow":2,"rpgsmw:woodenfiber":2,"minecraft:cooked_porkchop":4,"minecraft:crafting_table":2,"minecraft:spruce_planks":8,"minecraft:wooden_pickaxe":1,"rpgsmw:stone_greatsword":1,"minecraft:iron_chestplate":1,"minecraft:diamond_pickaxe":1,"minecraft:stick":32,"minecraft:iron_ingot":39,"minecraft:iron_pickaxe":1,"minecraft:stone_sword":1,"minecraft:gold_ingot":44,"minecraft:shears":1,"minecraft:furnace":1,"farmersdelight:straw":18,"minecraft:stone_pickaxe":1,"minecraft:diamond_boots":1,"minecraft:spruce_boat":1,"minecraft:lead":3,"minecraft:wheat":153,"rpgsmw:fabric":1,"minecraft:cooked_cod":5,"minecraft:diamond_sword":1,"brewery:pork_knuckle":4,"minecraft:bucket":1,"minecraft:stone_axe":1,"minecraft:bread":57,"minecraft:air":0,"fabledweaponry:aegis_wood":1,"minecraft:torch":8},"minecraft:broken":{"rpgsmw:stone_greatsword":1,"minecraft:iron_chestplate":1,"minecraft:iron_leggings":1},"minecraft:picked_up":{"minecraft:flower_pot":2,"minecraft:lead":1,"minecraft:diamond_sword":1,"minecraft:string":3,"minecraft:raw_copper":52,"minecraft:smooth_stone_slab":2,"minecraft:iron_leggings":1,"minecraft:diamond_leggings":1,"minecraft:cobbled_deepslate":86,"minecraft:spruce_planks":3,"vampirism:garlic_bread":7,"minecraft:furnace":5,"minecraft:stick":1,"minecraft:jukebox":1,"minecraft:torch":7,"minecraft:porkchop":5,"farmersdelight:fried_egg":1,"vampirism:blood_bottle":1,"minecraft:rotten_flesh":34,"minecraft:iron_block":4,"minecraft:carved_pumpkin":2,"darkestsouls:titanite_fragment":4,"supplementaries:ash":1,"minecraft:obsidian":14,"minecraft:cobblestone":63,"minecraft:cooked_beef":15,"minecraft:feather":3,"minecraft:andesite":5,"minecraft:copper_block":3,"minecraft:potato":9,"darkestsouls:cinnabar":55,"minecraft:tuff":37,"trials:trial_key":1,"minecraft:lapis_lazuli":54,"minecraft:dirt":1,"minecraft:disc_fragment_5":1,"brewery:hops_seeds":2,"minecraft:bone":18,"minecraft:bow":4,"minecraft:wheat_seeds":5,"minecraft:raw_gold":78,"rpgsmw:fabric":3,"vampirism:item_garlic":2,"friendsandfoes:totem_of_freezing":2,"vampirism:crucifix_normal":1,"minecraft:stripped_spruce_log":4,"minecraft:dead_bush":4,"minecraft:mossy_cobblestone":2,"minecraft:diamond":16,"minecraft:blue_ice":2,"minecraft:emerald":25,"minecraft:bread":2,"minecraft:oak_sapling":1,"minecraft:crafting_table":6,"minecraft:chicken":2,"friendsandfoes:totem_of_illusion":1,"minecraft:cooked_rabbit":1,"minecraft:gold_block":4,"trials:scrape_pottery_sherd":1,"trials:music_disc_precipice":1,"minecraft:item_frame":3,"trials:breeze_rod":4,"trials:flow_pottery_sherd":2,"trials:tuff_bricks":1,"minecraft:beef":14,"minecraft:player_head":1,"minecraft:poppy":1,"minecraft:sugar_cane":7,"minecraft:diamond_hoe":1,"minecraft:egg":2,"minecraft:raw_iron":39,"darkestsouls:soul_fragment":1,"minecraft:bowl":1,"minecraft:stone_button":1,"minecraft:redstone":34,"minecraft:tnt":2,"minecraft:arrow":8,"minecraft:hay_block":18,"mowziesmobs:ice_crystal":1,"minecraft:totem_of_undying":1,"minecraft:gold_ingot":1,"vampirism:item_alchemical_fire":1,"vampirism:vampire_blood_bottle":2,"farmersdelight:straw_bale":3,"minecraft:leather":3,"minecraft:fern":1,"minecraft:oak_log":10,"minecraft:gunpowder":9,"minecraft:apple":2,"minecraft:iron_ingot":52,"minecraft:cooked_chicken":1,"vampirism:hunter_axe_enhanced":1,"rpgsmw:copper_rifle":1,"slashblade:proudsoul_tiny":1,"minecraft:pumpkin":1,"minecraft:bamboo_planks":3,"tameablebeasts:leaf":5,"minecraft:birch_boat":4,"minecraft:sweet_berries":110,"minecraft:raw_iron_block":1,"mowziesmobs:naga_fang":1,"minecraft:pumpkin_seeds":4,"darkestsouls:siderite_fragment":3,"minecraft:stone_axe":5,"minecraft:oak_button":1,"darkestsouls:small_soul_fragment":5,"minecraft:coal":143,"minecraft:ender_pearl":5},"minecraft:dropped":{"minecraft:glass_bottle":1,"minecraft:diamond":2,"mowziesmobs:ice_crystal":1,"tameablebeasts:leaf":5,"minecraft:item_frame":3,"minecraft:emerald":21,"minecraft:dirt":1,"minecraft:stone_button":1,"trials:flow_pottery_sherd":2,"farmersdelight:onion":1,"minecraft:iron_pickaxe":1,"minecraft:stone_axe":4,"trials:tuff_bricks":1,"minecraft:cobbled_deepslate":26,"darkestsouls:titanite_fragment":2,"minecraft:obsidian":1,"vampirism:item_alchemical_fire":8,"minecraft:rotten_flesh":4,"vampirism:blood_bottle":1,"rpgsmw:class_remove_orb":2,"minecraft:poppy":1,"minecraft:gunpowder":5,"vampirism:vampire_blood_bottle":2,"vampirism:vampire_fang":1,"minecraft:arrow":1,"vampirism:item_garlic":2,"minecraft:iron_ingot":52,"minecraft:wheat_seeds":5,"minecraft:mossy_cobblestone":2,"vampirism:hunter_axe_enhanced":2,"minecraft:feather":1,"minecraft:cobblestone":5,"minecraft:lead":2,"minecraft:apple":1,"minecraft:coal":2,"minecraft:torch":2,"rpgsmw:class_choose_orb":3,"minecraft:dead_bush":2,"trials:trial_key":1,"minecraft:string":6,"minecraft:bucket":1,"vampirism:garlic_bread":14,"minecraft:redstone":8,"minecraft:sweet_berries":55,"minecraft:raw_copper":26,"minecraft:smooth_stone_slab":2,"minecraft:bowl":1,"minecraft:tuff":13,"minecraft:pumpkin_seeds":4,"minecraft:diamond_sword":2,"minecraft:potato":7,"minecraft:flower_pot":2,"rpgsmw:fabric":2,"minecraft:spruce_planks":4,"minecraft:andesite":3,"minecraft:carved_pumpkin":1,"trials:scrape_pottery_sherd":1,"brewery:hops_seeds":2,"minecraft:birch_boat":4,"minecraft:stone_pickaxe":1},"minecraft:mined":{"minecraft:carved_pumpkin":1,"minecraft:obsidian":4,"minecraft:grass_block":1,"darkestsouls:deepslate_siderite_ore":3,"minecraft:raw_iron_block":1,"minecraft:iron_ore":6,"minecraft:cobbled_deepslate":28,"minecraft:pumpkin":1,"minecraft:deepslate_lapis_ore":1,"minecraft:sculk_shrieker":2,"minecraft:iron_block":4,"minecraft:deepslate_redstone_ore":8,"minecraft:powder_snow":17,"minecraft:torch":1,"minecraft:cobblestone":3,"minecraft:sugar_cane":3,"minecraft:bamboo_planks":2,"minecraft:tnt":2,"minecraft:copper_block":3,"minecraft:grass":9,"minecraft:cracked_deepslate_tiles":1,"minecraft:oak_log":10,"minecraft:oak_leaves":7,"minecraft:deepslate":26,"minecraft:deepslate_tiles":2,"minecraft:tuff":4,"minecraft:mossy_cobblestone":2,"minecraft:deepslate_diamond_ore":12,"trials:tuff_bricks":1,"minecraft:ladder":1,"minecraft:spruce_fence":3,"minecraft:decorated_pot":1,"minecraft:spruce_leaves":4,"minecraft:hay_block":18,"minecraft:furnace":5,"minecraft:andesite":4,"minecraft:stripped_spruce_log":4,"minecraft:gold_block":4,"minecraft:deepslate_iron_ore":36,"minecraft:stone":57,"minecraft:light_gray_carpet":4,"minecraft:crafting_table":5,"farmersdelight:straw_bale":3,"minecraft:sculk_sensor":1,"minecraft:tall_grass":8,"minecraft:copper_ore":6,"minecraft:lapis_ore":7,"minecraft:deepslate_gold_ore":40,"minecraft:sculk":2,"supplementaries:urn":4,"minecraft:coal_ore":143,"darkestsouls:cinnabar_ore":36,"minecraft:cobweb":2},"minecraft:used":{"minecraft:diamond_hoe":3,"minecraft:rotten_flesh":25,"minecraft:iron_chestplate":1,"minecraft:tuff":1,"minecraft:milk_bucket":1,"minecraft:obsidian":12,"minecraft:spruce_boat":1,"friendsandfoes:totem_of_illusion":3,"friendsandfoes:totem_of_freezing":2,"minecraft:bow":9,"minecraft:hay_block":1,"minecraft:furnace":6,"minecraft:oak_sapling":1,"minecraft:egg":1,"minecraft:diamond_boots":1,"minecraft:stone_pickaxe":92,"minecraft:ender_pearl":4,"minecraft:wooden_pickaxe":16,"farmersdelight:cod_roll":2,"minecraft:shears":1,"minecraft:bread":65,"fabledweaponry:aegis_wood":6,"minecraft:diamond_sword":4,"wardrobe:large_backpack":2,"farmersdelight:straw_bale":1,"rpgsmw:diamond_knife":271,"minecraft:cooked_rabbit":1,"minecraft:andesite":1,"trials:music_disc_precipice":1,"minecraft:experience_bottle":2,"brewery:pork_knuckle":4,"rpgsmw:stone_greatsword":137,"minecraft:stone_sword":11,"minecraft:flint_and_steel":1,"minecraft:dead_bush":2,"minecraft:carved_pumpkin":1,"minecraft:sculk":4,"vampirism:item_alchemical_fire":1,"minecraft:cooked_chicken":1,"minecraft:torch":14,"minecraft:totem_of_undying":1,"minecraft:beef":2,"minecraft:cooked_beef":3,"minecraft:cobbled_deepslate":60,"minecraft:pumpkin":1,"minecraft:bamboo_planks":7,"minecraft:iron_leggings":1,"farmersdelight:fried_egg":1,"minecraft:water_bucket":23,"minecraft:birch_planks":7,"minecraft:baked_potato":4,"farmersdelight:onion":5,"minecraft:crafting_table":7,"minecraft:diamond_pickaxe":353,"minecraft:apple":1,"minecraft:oak_button":1,"minecraft:iron_pickaxe":3,"minecraft:stone_axe":42,"minecraft:cobblestone":5,"minecraft:potion":1,"minecraft:porkchop":2,"minecraft:bucket":23,"minecraft:jukebox":1},"minecraft:killed_by":{"mowziesmobs:naga":4,"minecraft:creeper":2,"minecraft:vindicator":2,"trials:breeze":1,"minecraft:zombie":3,"mowziesmobs:frostmaw":2,"minecraft:husk":1,"minecraft:player":6,"darkestsouls:skeleton_curved_swords":1,"vampirism:advanced_hunter":1,"minecraft:stray":1,"minecraft:spider":1,"minecraft:enderman":1,"minecraft:warden":5,"minecraft:skeleton":4},"minecraft:killed":{"vampirism:vampire":3,"vampirism:advanced_vampire":3,"darkestsouls:ashen_blood_beast_patient":1,"minecraft:spider":4,"mowziesmobs:frostmaw":1,"minecraft:skeleton":7,"minecraft:chicken":2,"vampirism:advanced_hunter":1,"darkestsouls:beast_patient":1,"minecraft:illusioner":1,"darkestsouls:hollow_longsword":1,"minecraft:pig":3,"naturalist:firefly":1,"minecraft:creeper":3,"vampirism:hunter":3,"darkestsouls:hollow_crossbow":1,"minecraft:pillager":1,"minecraft:zombie":24,"trials:breeze":4,"minecraft:cow":6,"darkestsouls:hollow_axe":1,"minecraft:evoker":1,"minecraft:slime":1,"darkestsouls:skeleton_falchion":1,"friendsandfoes:iceologer":1,"minecraft:husk":2},"minecraft:custom":{"minecraft:animals_bred":1,"minecraft:interact_with_crafting_table":26,"minecraft:open_barrel":9,"minecraft:leave_game":9,"minecraft:time_since_death":0,"minecraft:damage_resisted":2900,"minecraft:sprint_one_cm":604005,"minecraft:damage_blocked_by_shield":30,"minecraft:drop":91,"vampirism:interact_with_totem":1,"minecraft:talked_to_villager":7,"minecraft:play_time":350586,"minecraft:deaths":47,"minecraft:jump":5083,"minecraft:interact_with_brewingstand":1,"minecraft:walk_on_water_one_cm":30954,"vampirism:interact_with_blood_grinder":1,"minecraft:interact_with_furnace":53,"minecraft:play_record":1,"vampirism:interact_with_research_table":2,"minecraft:sleep_in_bed":2,"minecraft:damage_dealt":18621,"minecraft:player_kills":4,"minecraft:crouch_one_cm":24216,"minecraft:interact_with_smoker":1,"minecraft:mob_kills":88,"minecraft:interact_with_campfire":16,"minecraft:damage_dealt_resisted":504,"minecraft:climb_one_cm":5958,"minecraft:walk_one_cm":521191,"minecraft:sneak_time":9578,"minecraft:walk_under_water_one_cm":19045,"minecraft:boat_one_cm":294,"minecraft:interact_with_lectern":1,"minecraft:interact_with_blast_furnace":2,"minecraft:total_world_time":350586,"vampirism:interact_with_garlic_diffuser":2,"minecraft:pot_flower":1,"minecraft:time_since_rest":345,"minecraft:damage_taken":17502,"minecraft:damage_absorbed":10,"minecraft:swim_one_cm":57177,"minecraft:fly_one_cm":1080216,"minecraft:open_chest":68,"minecraft:fall_one_cm":192007}},"DataVersion":3465}